V1,V2,V3,V4,V5
40,119,3591,1,5000
15,89,683,2,4999
20,319,2335,3,4998
13,196,1297,4,4997
11,101,2462,5,4996
37,19,4719,6,4995
22,322,874,7,4994
17,42,2282,8,4993
26,381,2385,9,4992
28,202,755,10,4991
39,121,478,11,4990
24,279,2884,12,4989
35,349,1110,13,4988
33,380,4500,14,4987
45,376,3153,15,4986
8,2,3811,16,4985
49,129,1307,17,4984
7,185,3710,18,4983
42,140,3779,19,4982
34,320,252,20,4981
31,290,4555,21,4980
1,134,4905,22,4979
38,50,3040,23,4978
36,218,1804,24,4977
29,312,321,25,4976
43,239,1162,26,4975
32,92,2379,27,4974
18,298,1995,28,4973
12,321,493,29,4972
46,188,2193,30,4971
14,410,2233,31,4970
23,482,3965,32,4969
10,366,4046,33,4968
5,103,2504,34,4967
30,5,4965,35,4966
25,450,2421,36,4965
47,204,4360,37,4964
41,261,1132,38,4963
4,493,2595,39,4962
21,115,1783,40,4961
9,236,4347,41,4960
27,324,1543,42,4959
48,177,4354,43,4958
2,273,914,44,4957
19,329,3025,45,4956
44,242,4731,46,4955
16,170,1394,47,4954
3,164,1703,48,4953
6,206,1544,49,4952
50,332,1864,50,4951
,467,3516,51,4950
,248,3058,52,4949
,411,2344,53,4948
,12,2923,54,4947
,440,2156,55,4946
,13,3282,56,4945
,244,418,57,4944
,313,3785,58,4943
,441,1870,59,4942
,433,2913,60,4941
,139,2846,61,4940
,363,2184,62,4939
,187,4392,63,4938
,86,3791,64,4937
,93,2668,65,4936
,268,4230,66,4935
,168,3957,67,4934
,258,1315,68,4933
,175,3632,69,4932
,293,2429,70,4931
,305,3833,71,4930
,336,1225,72,4929
,87,1916,73,4928
,387,3331,74,4927
,444,4076,75,4926
,396,359,76,4925
,314,2476,77,4924
,477,1051,78,4923
,232,4774,79,4922
,215,999,80,4921
,225,260,81,4920
,306,790,82,4919
,184,2921,83,4918
,46,3642,84,4917
,133,2114,85,4916
,51,3313,86,4915
,294,2178,87,4914
,58,653,88,4913
,469,4655,89,4912
,52,3278,90,4911
,4,3823,91,4910
,389,2839,92,4909
,373,2528,93,4908
,402,1861,94,4907
,6,2389,95,4906
,176,1170,96,4905
,252,3717,97,4904
,448,1130,98,4903
,449,46,99,4902
,44,2841,100,4901
,385,847,101,4900
,388,1949,102,4899
,167,339,103,4898
,417,337,104,4897
,233,4115,105,4896
,211,682,106,4895
,438,4015,107,4894
,309,4274,108,4893
,465,4200,109,4892
,479,4812,110,4891
,28,4728,111,4890
,370,2778,112,4889
,360,4169,113,4888
,498,3601,114,4887
,414,641,115,4886
,88,3834,116,4885
,37,4510,117,4884
,203,343,118,4883
,340,3706,119,4882
,265,4358,120,4881
,315,4247,121,4880
,421,4855,122,4879
,280,3672,123,4878
,325,3946,124,4877
,201,1186,125,4876
,337,4816,126,4875
,73,621,127,4874
,270,3201,128,4873
,227,3956,129,4872
,231,507,130,4871
,213,1040,131,4870
,398,4116,132,4869
,193,2806,133,4868
,282,1479,134,4867
,301,4213,135,4866
,30,1012,136,4865
,374,987,137,4864
,222,3635,138,4863
,61,3698,139,4862
,200,2527,140,4861
,116,1005,141,4860
,72,3112,142,4859
,408,3607,143,4858
,165,2079,144,4857
,210,397,145,4856
,33,4675,146,4855
,357,1939,147,4854
,22,403,148,4853
,27,2723,149,4852
,375,240,150,4851
,394,1115,151,4850
,490,1522,152,4849
,494,349,153,4848
,355,3801,154,4847
,245,4593,155,4846
,286,2039,156,4845
,154,3065,157,4844
,345,978,158,4843
,199,1256,159,4842
,99,3911,160,4841
,323,1604,161,4840
,431,545,162,4839
,255,2050,163,4838
,26,1525,164,4837
,367,2024,165,4836
,171,2892,166,4835
,100,484,167,4834
,288,4398,168,4833
,260,532,169,4832
,358,1197,170,4831
,62,324,171,4830
,327,989,172,4829
,179,4829,173,4828
,356,1890,174,4827
,361,4916,175,4826
,291,1069,176,4825
,275,911,177,4824
,351,4564,178,4823
,281,1128,179,4822
,499,434,180,4821
,1,807,181,4820
,141,2915,182,4819
,439,936,183,4818
,53,4363,184,4817
,234,4779,185,4816
,229,4973,186,4815
,127,146,187,4814
,468,4744,188,4813
,71,286,189,4812
,226,4455,190,4811
,67,4434,191,4810
,353,1756,192,4809
,65,1403,193,4808
,159,4866,194,4807
,455,1826,195,4806
,365,1048,196,4805
,492,4428,197,4804
,243,280,198,4803
,235,3126,199,4802
,192,4915,200,4801
,318,599,201,4800
,326,3338,202,4799
,142,4765,203,4798
,161,2139,204,4797
,237,3430,205,4796
,207,2458,206,4795
,428,229,207,4794
,257,1462,208,4793
,362,4630,209,4792
,174,264,210,4791
,54,4853,211,4790
,11,1189,212,4789
,90,2169,213,4788
,94,1416,214,4787
,15,3062,215,4786
,117,2020,216,4785
,158,2085,217,4784
,3,2793,218,4783
,130,2212,219,4782
,224,3113,220,4781
,70,3557,221,4780
,160,117,222,4779
,443,4430,223,4778
,292,4942,224,4777
,254,1910,225,4776
,276,443,226,4775
,102,3573,227,4774
,423,304,228,4773
,475,3241,229,4772
,495,4260,230,4771
,172,2262,231,4770
,169,2939,232,4769
,186,4914,233,4768
,436,3567,234,4767
,143,2450,235,4766
,488,551,236,4765
,464,2093,237,4764
,378,3594,238,4763
,272,966,239,4762
,420,1651,240,4761
,384,4863,241,4760
,173,4257,242,4759
,55,1439,243,4758
,259,4074,244,4757
,246,4103,245,4756
,195,1766,246,4755
,36,3864,247,4754
,446,208,248,4753
,8,4869,249,4752
,96,1217,250,4751
,391,4377,251,4750
,29,54,252,4749
,240,4927,253,4748
,461,2122,254,4747
,484,355,255,4746
,364,741,256,4745
,330,2911,257,4744
,31,716,258,4743
,145,598,259,4742
,454,1337,260,4741
,216,3124,261,4740
,342,2505,262,4739
,271,2639,263,4738
,198,582,264,4737
,418,4963,265,4736
,382,3204,266,4735
,368,9,267,4734
,113,4033,268,4733
,269,1401,269,4732
,481,2192,270,4731
,407,3353,271,4730
,395,315,272,4729
,197,3987,273,4728
,266,406,274,4727
,131,4911,275,4726
,146,2176,276,4725
,297,636,277,4724
,415,742,278,4723
,69,2620,279,4722
,287,2577,280,4721
,217,109,281,4720
,430,809,282,4719
,63,3258,283,4718
,223,449,284,4717
,333,2242,285,4716
,17,508,286,4715
,369,1600,287,4714
,48,106,288,4713
,144,4591,289,4712
,122,1993,290,4711
,456,3923,291,4710
,249,4175,292,4709
,182,4590,293,4708
,458,3484,294,4707
,299,4922,295,4706
,156,3232,296,4705
,359,1676,297,4704
,267,1003,298,4703
,317,1067,299,4702
,84,1113,300,4701
,166,49,301,4700
,43,3317,302,4699
,470,3595,303,4698
,110,4460,304,4697
,212,432,305,4696
,76,1715,306,4695
,432,3739,307,4694
,79,1168,308,4693
,437,1200,309,4692
,393,1238,310,4691
,78,3758,311,4690
,108,1926,312,4689
,45,1288,313,4688
,137,4700,314,4687
,283,3495,315,4686
,75,3721,316,4685
,125,4817,317,4684
,300,3905,318,4683
,97,123,319,4682
,150,1171,320,4681
,487,1773,321,4680
,190,486,322,4679
,491,3175,323,4678
,59,1724,324,4677
,409,2585,325,4676
,473,1257,326,4675
,442,3966,327,4674
,486,3806,328,4673
,426,3863,329,4672
,128,3436,330,4671
,302,1691,331,4670
,278,1981,332,4669
,148,1708,333,4668
,328,1304,334,4667
,331,1195,335,4666
,126,3234,336,4665
,221,1811,337,4664
,57,3764,338,4663
,404,128,339,4662
,445,179,340,4661
,412,3761,341,4660
,405,1632,342,4659
,7,4669,343,4658
,123,1952,344,4657
,383,2937,345,4656
,303,2631,346,4655
,180,4540,347,4654
,118,3414,348,4653
,344,4314,349,4652
,157,4502,350,4651
,181,1175,351,4650
,66,589,352,4649
,91,4753,353,4648
,460,4225,354,4647
,230,3212,355,4646
,304,1769,356,4645
,9,1166,357,4644
,25,2992,358,4643
,47,573,359,4642
,416,4423,360,4641
,401,3453,361,4640
,308,4060,362,4639
,397,2867,363,4638
,457,34,364,4637
,95,1713,365,4636
,251,413,366,4635
,452,4040,367,4634
,153,474,368,4633
,346,855,369,4632
,111,4014,370,4631
,238,4343,371,4630
,77,1787,372,4629
,264,1938,373,4628
,489,1402,374,4627
,23,552,375,4626
,151,1534,376,4625
,466,4748,377,4624
,178,1517,378,4623
,10,4640,379,4622
,472,3064,380,4621
,83,4814,381,4620
,406,3329,382,4619
,228,748,383,4618
,285,2521,384,4617
,474,3249,385,4616
,106,3444,386,4615
,497,2789,387,4614
,40,1319,388,4613
,263,2394,389,4612
,347,2826,390,4611
,147,3616,391,4610
,483,3505,392,4609
,189,1253,393,4608
,427,350,394,4607
,341,257,395,4606
,80,3615,396,4605
,386,2310,397,4604
,135,3613,398,4603
,471,1279,399,4602
,14,1305,400,4601
,463,2869,401,4600
,424,2227,402,4599
,98,1855,403,4598
,112,2142,404,4597
,476,1457,405,4596
,413,1379,406,4595
,447,62,407,4594
,425,4625,408,4593
,459,979,409,4592
,307,81,410,4591
,400,2400,411,4590
,339,2850,412,4589
,295,1083,413,4588
,274,3478,414,4587
,462,3696,415,4586
,152,1490,416,4585
,163,2770,417,4584
,241,2818,418,4583
,74,3334,419,4582
,277,448,420,4581
,81,4607,421,4580
,419,1066,422,4579
,85,1858,423,4578
,284,4929,424,4577
,194,316,425,4576
,68,4837,426,4575
,480,4571,427,4574
,348,4925,428,4573
,149,4356,429,4572
,296,425,430,4571
,310,4287,431,4570
,311,4716,432,4569
,435,2542,433,4568
,429,4771,434,4567
,372,1446,435,4566
,35,4283,436,4565
,39,1206,437,4564
,82,691,438,4563
,20,1461,439,4562
,262,2442,440,4561
,343,4021,441,4560
,138,4881,442,4559
,191,856,443,4558
,220,2426,444,4557
,316,1717,445,4556
,16,4949,446,4555
,334,1155,447,4554
,392,2246,448,4553
,209,2263,449,4552
,56,1468,450,4551
,335,1073,451,4550
,105,823,452,4549
,21,1447,453,4548
,136,2574,454,4547
,352,1538,455,4546
,422,21,456,4545
,183,3538,457,4544
,107,1990,458,4543
,162,3182,459,4542
,451,4125,460,4541
,500,2988,461,4540
,453,2567,462,4539
,399,2553,463,4538
,49,369,464,4537
,104,119,465,4536
,478,3617,466,4535
,377,4616,467,4534
,38,3881,468,4533
,32,4543,469,4532
,120,3508,470,4531
,247,272,471,4530
,34,3582,472,4529
,354,310,473,4528
,155,11,474,4527
,371,442,475,4526
,208,2012,476,4525
,434,3633,477,4524
,496,1789,478,4523
,64,2787,479,4522
,18,3336,480,4521
,379,1931,481,4520
,114,2758,482,4519
,250,296,483,4518
,205,3641,484,4517
,338,211,485,4516
,289,2643,486,4515
,485,1054,487,4514
,214,3034,488,4513
,132,3858,489,4512
,124,1553,490,4511
,350,143,491,4510
,256,4265,492,4509
,253,2613,493,4508
,109,2890,494,4507
,403,3147,495,4506
,24,652,496,4505
,390,4501,497,4504
,60,4713,498,4503
,219,4536,499,4502
,41,4720,500,4501
,,164,501,4500
,,4529,502,4499
,,1480,503,4498
,,811,504,4497
,,3810,505,4496
,,141,506,4495
,,4846,507,4494
,,3776,508,4493
,,597,509,4492
,,4565,510,4491
,,1469,511,4490
,,3229,512,4489
,,619,513,4488
,,4207,514,4487
,,519,515,4486
,,3724,516,4485
,,2009,517,4484
,,351,518,4483
,,2712,519,4482
,,3782,520,4481
,,4626,521,4480
,,1854,522,4479
,,299,523,4478
,,1810,524,4477
,,3503,525,4476
,,4044,526,4475
,,4970,527,4474
,,4308,528,4473
,,3268,529,4472
,,4406,530,4471
,,4489,531,4470
,,3397,532,4469
,,2195,533,4468
,,1513,534,4467
,,1239,535,4466
,,3896,536,4465
,,3813,537,4464
,,3748,538,4463
,,1292,539,4462
,,2748,540,4461
,,3476,541,4460
,,2977,542,4459
,,2115,543,4458
,,4699,544,4457
,,407,545,4456
,,1124,546,4455
,,602,547,4454
,,1058,548,4453
,,1472,549,4452
,,4860,550,4451
,,575,551,4450
,,1636,552,4449
,,3260,553,4448
,,2276,554,4447
,,42,555,4446
,,4461,556,4445
,,3024,557,4444
,,2168,558,4443
,,1283,559,4442
,,1985,560,4441
,,3540,561,4440
,,2961,562,4439
,,4612,563,4438
,,3475,564,4437
,,2667,565,4436
,,4775,566,4435
,,291,567,4434
,,342,568,4433
,,4176,569,4432
,,1980,570,4431
,,3299,571,4430
,,4980,572,4429
,,2206,573,4428
,,454,574,4427
,,3285,575,4426
,,2329,576,4425
,,2582,577,4424
,,2640,578,4423
,,3843,579,4422
,,1621,580,4421
,,2106,581,4420
,,1948,582,4419
,,3524,583,4418
,,3403,584,4417
,,2235,585,4416
,,4606,586,4415
,,3093,587,4414
,,395,588,4413
,,3046,589,4412
,,4522,590,4411
,,368,591,4410
,,1119,592,4409
,,1874,593,4408
,,4937,594,4407
,,887,595,4406
,,1936,596,4405
,,1430,597,4404
,,371,598,4403
,,3480,599,4402
,,1013,600,4401
,,1836,601,4400
,,3269,602,4399
,,3712,603,4398
,,3878,604,4397
,,3078,605,4396
,,192,606,4395
,,4509,607,4394
,,1509,608,4393
,,1177,609,4392
,,2480,610,4391
,,3609,611,4390
,,1202,612,4389
,,1369,613,4388
,,778,614,4387
,,4507,615,4386
,,579,616,4385
,,2855,617,4384
,,516,618,4383
,,1246,619,4382
,,3082,620,4381
,,3726,621,4380
,,1096,622,4379
,,2340,623,4378
,,3402,624,4377
,,101,625,4376
,,2714,626,4375
,,3394,627,4374
,,746,628,4373
,,3767,629,4372
,,2240,630,4371
,,1412,631,4370
,,2275,632,4369
,,491,633,4368
,,3206,634,4367
,,3339,635,4366
,,976,636,4365
,,1697,637,4364
,,4683,638,4363
,,4545,639,4362
,,4756,640,4361
,,1631,641,4360
,,3468,642,4359
,,3178,643,4358
,,1367,644,4357
,,2279,645,4356
,,4577,646,4355
,,3139,647,4354
,,408,648,4353
,,3059,649,4352
,,4605,650,4351
,,85,651,4350
,,596,652,4349
,,2076,653,4348
,,450,654,4347
,,2328,655,4346
,,1586,656,4345
,,2190,657,4344
,,1603,658,4343
,,1565,659,4342
,,2561,660,4341
,,2438,661,4340
,,2968,662,4339
,,429,663,4338
,,2216,664,4337
,,538,665,4336
,,4781,666,4335
,,2489,667,4334
,,473,668,4333
,,950,669,4332
,,3134,670,4331
,,1365,671,4330
,,4634,672,4329
,,2150,673,4328
,,3473,674,4327
,,890,675,4326
,,1911,676,4325
,,2743,677,4324
,,667,678,4323
,,2472,679,4322
,,2486,680,4321
,,210,681,4320
,,2261,682,4319
,,4117,683,4318
,,1032,684,4317
,,3930,685,4316
,,888,686,4315
,,3401,687,4314
,,3867,688,4313
,,727,689,4312
,,3517,690,4311
,,2102,691,4310
,,3922,692,4309
,,481,693,4308
,,525,694,4307
,,1234,695,4306
,,4876,696,4305
,,3372,697,4304
,,435,698,4303
,,1284,699,4302
,,3852,700,4301
,,4797,701,4300
,,842,702,4299
,,1266,703,4298
,,3243,704,4297
,,4002,705,4296
,,1236,706,4295
,,4710,707,4294
,,273,708,4293
,,3068,709,4292
,,102,710,4291
,,1808,711,4290
,,3390,712,4289
,,427,713,4288
,,1902,714,4287
,,4357,715,4286
,,617,716,4285
,,3433,717,4284
,,2583,718,4283
,,2864,719,4282
,,2998,720,4281
,,2801,721,4280
,,732,722,4279
,,749,723,4278
,,3054,724,4277
,,992,725,4276
,,699,726,4275
,,637,727,4274
,,4028,728,4273
,,3551,729,4272
,,2689,730,4271
,,3955,731,4270
,,2095,732,4269
,,4620,733,4268
,,1223,734,4267
,,2918,735,4266
,,1024,736,4265
,,921,737,4264
,,1775,738,4263
,,2070,739,4262
,,4687,740,4261
,,322,741,4260
,,3530,742,4259
,,2027,743,4258
,,2222,744,4257
,,2744,745,4256
,,1639,746,4255
,,3101,747,4254
,,954,748,4253
,,4167,749,4252
,,4316,750,4251
,,3358,751,4250
,,57,752,4249
,,319,753,4248
,,3499,754,4247
,,3629,755,4246
,,1516,756,4245
,,4463,757,4244
,,2861,758,4243
,,4619,759,4242
,,4666,760,4241
,,1751,761,4240
,,793,762,4239
,,994,763,4238
,,3463,764,4237
,,70,765,4236
,,105,766,4235
,,236,767,4234
,,725,768,4233
,,800,769,4232
,,1566,770,4231
,,1723,771,4230
,,4512,772,4229
,,629,773,4228
,,933,774,4227
,,3237,775,4226
,,1308,776,4225
,,4708,777,4224
,,2970,778,4223
,,2790,779,4222
,,1528,780,4221
,,2016,781,4220
,,4395,782,4219
,,2289,783,4218
,,3406,784,4217
,,3982,785,4216
,,1228,786,4215
,,1664,787,4214
,,1785,788,4213
,,3890,789,4212
,,320,790,4211
,,2732,791,4210
,,3688,792,4209
,,3183,793,4208
,,4331,794,4207
,,3827,795,4206
,,533,796,4205
,,3819,797,4204
,,4988,798,4203
,,2298,799,4202
,,4369,800,4201
,,2302,801,4200
,,4772,802,4199
,,2044,803,4198
,,3455,804,4197
,,4623,805,4196
,,563,806,4195
,,3264,807,4194
,,247,808,4193
,,4178,809,4192
,,162,810,4191
,,3164,811,4190
,,4994,812,4189
,,374,813,4188
,,362,814,4187
,,3550,815,4186
,,1094,816,4185
,,1196,817,4184
,,2495,818,4183
,,3671,819,4182
,,4315,820,4181
,,721,821,4180
,,3292,822,4179
,,3861,823,4178
,,1799,824,4177
,,267,825,4176
,,2953,826,4175
,,2812,827,4174
,,3699,828,4173
,,3125,829,4172
,,3219,830,4171
,,2241,831,4170
,,4228,832,4169
,,2931,833,4168
,,2221,834,4167
,,1055,835,4166
,,4562,836,4165
,,2259,837,4164
,,4264,838,4163
,,769,839,4162
,,2711,840,4161
,,3877,841,4160
,,4403,842,4159
,,302,843,4158
,,199,844,4157
,,4110,845,4156
,,2068,846,4155
,,2630,847,4154
,,4694,848,4153
,,4212,849,4152
,,3222,850,4151
,,824,851,4150
,,4822,852,4149
,,190,853,4148
,,482,854,4147
,,3638,855,4146
,,2293,856,4145
,,2525,857,4144
,,2604,858,4143
,,3160,859,4142
,,3023,860,4141
,,3293,861,4140
,,3920,862,4139
,,4659,863,4138
,,676,864,4137
,,2887,865,4136
,,3656,866,4135
,,1272,867,4134
,,4446,868,4133
,,2808,869,4132
,,2202,870,4131
,,4899,871,4130
,,4890,872,4129
,,2920,873,4128
,,4844,874,4127
,,3606,875,4126
,,1594,876,4125
,,3471,877,4124
,,4749,878,4123
,,3995,879,4122
,,3755,880,4121
,,3691,881,4120
,,1584,882,4119
,,3574,883,4118
,,2390,884,4117
,,3236,885,4116
,,3421,886,4115
,,2157,887,4114
,,576,888,4113
,,352,889,4112
,,906,890,4111
,,4499,891,4110
,,1216,892,4109
,,1733,893,4108
,,30,894,4107
,,3799,895,4106
,,3618,896,4105
,,4329,897,4104
,,3225,898,4103
,,986,899,4102
,,1613,900,4101
,,2978,901,4100
,,4419,902,4099
,,333,903,4098
,,3325,904,4097
,,2446,905,4096
,,52,906,4095
,,2565,907,4094
,,404,908,4093
,,2819,909,4092
,,1514,910,4091
,,1486,911,4090
,,1757,912,4089
,,1251,913,4088
,,4633,914,4087
,,1368,915,4086
,,4156,916,4085
,,3694,917,4084
,,2245,918,4083
,,4449,919,4082
,,1221,920,4081
,,3295,921,4080
,,217,922,4079
,,1232,923,4078
,,307,924,4077
,,4114,925,4076
,,2715,926,4075
,,4649,927,4074
,,4904,928,4073
,,547,929,4072
,,2762,930,4071
,,1230,931,4070
,,477,932,4069
,,1596,933,4068
,,2761,934,4067
,,142,935,4066
,,4524,936,4065
,,1737,937,4064
,,4946,938,4063
,,2055,939,4062
,,75,940,4061
,,1886,941,4060
,,1807,942,4059
,,3897,943,4058
,,2724,944,4057
,,194,945,4056
,,4368,946,4055
,,114,947,4054
,,3109,948,4053
,,2637,949,4052
,,3511,950,4051
,,4979,951,4050
,,1796,952,4049
,,787,953,4048
,,2097,954,4047
,,1089,955,4046
,,557,956,4045
,,2223,957,4044
,,3279,958,4043
,,2760,959,4042
,,1191,960,4041
,,4497,961,4040
,,4132,962,4039
,,991,963,4038
,,2508,964,4037
,,4767,965,4036
,,2349,966,4035
,,3913,967,4034
,,4232,968,4033
,,2940,969,4032
,,2473,970,4031
,,2500,971,4030
,,4780,972,4029
,,964,973,4028
,,4729,974,4027
,,2393,975,4026
,,1658,976,4025
,,3150,977,4024
,,1814,978,4023
,,2136,979,4022
,,2641,980,4021
,,2586,981,4020
,,756,982,4019
,,4036,983,4018
,,2616,984,4017
,,4742,985,4016
,,4313,986,4015
,,3276,987,4014
,,3367,988,4013
,,702,989,4012
,,3851,990,4011
,,268,991,4010
,,980,992,4009
,,4835,993,4008
,,3763,994,4007
,,4268,995,4006
,,3036,996,4005
,,1116,997,4004
,,935,998,4003
,,1405,999,4002
,,2512,1000,4001
,,3474,1001,4000
,,2600,1002,3999
,,3220,1003,3998
,,4538,1004,3997
,,4714,1005,3996
,,4219,1006,3995
,,1829,1007,3994
,,815,1008,3993
,,4307,1009,3992
,,2232,1010,3991
,,2685,1011,3990
,,2838,1012,3989
,,1260,1013,3988
,,1614,1014,3987
,,4959,1015,3986
,,3246,1016,3985
,,2109,1017,3984
,,2144,1018,3983
,,1777,1019,3982
,,69,1020,3981
,,2154,1021,3980
,,892,1022,3979
,,4305,1023,3978
,,3142,1024,3977
,,584,1025,3976
,,1419,1026,3975
,,4253,1027,3974
,,3702,1028,3973
,,4960,1029,3972
,,2483,1030,3971
,,2765,1031,3970
,,3992,1032,3969
,,4547,1033,3968
,,4373,1034,3967
,,1444,1035,3966
,,4803,1036,3965
,,438,1037,3964
,,3245,1038,3963
,,387,1039,3962
,,3215,1040,3961
,,2333,1041,3960
,,3583,1042,3959
,,4726,1043,3958
,,4078,1044,3957
,,3038,1045,3956
,,3266,1046,3955
,,496,1047,3954
,,1212,1048,3953
,,2780,1049,3952
,,1448,1050,3951
,,1637,1051,3950
,,4984,1052,3949
,,1112,1053,3948
,,2822,1054,3947
,,816,1055,3946
,,2217,1056,3945
,,1620,1057,3944
,,2523,1058,3943
,,4836,1059,3942
,,3689,1060,3941
,,2033,1061,3940
,,426,1062,3939
,,1423,1063,3938
,,1065,1064,3937
,,131,1065,3936
,,2575,1066,3935
,,3622,1067,3934
,,2355,1068,3933
,,4089,1069,3932
,,2194,1070,3931
,,1016,1071,3930
,,1823,1072,3929
,,4133,1073,3928
,,3836,1074,3927
,,373,1075,3926
,,730,1076,3925
,,3303,1077,3924
,,2807,1078,3923
,,3114,1079,3922
,,4550,1080,3921
,,531,1081,3920
,,4013,1082,3919
,,2187,1083,3918
,,2092,1084,3917
,,1035,1085,3916
,,2145,1086,3915
,,1451,1087,3914
,,1280,1088,3913
,,1271,1089,3912
,,4276,1090,3911
,,767,1091,3910
,,2138,1092,3909
,,2825,1093,3908
,,2274,1094,3907
,,4097,1095,3906
,,1056,1096,3905
,,3598,1097,3904
,,385,1098,3903
,,1327,1099,3902
,,1172,1100,3901
,,2952,1101,3900
,,4947,1102,3899
,,3742,1103,3898
,,590,1104,3897
,,757,1105,3896
,,4241,1106,3895
,,3104,1107,3894
,,4941,1108,3893
,,2735,1109,3892
,,3174,1110,3891
,,1929,1111,3890
,,1732,1112,3889
,,3440,1113,3888
,,3661,1114,3887
,,4783,1115,3886
,,1281,1116,3885
,,3214,1117,3884
,,3559,1118,3883
,,144,1119,3882
,,5000,1120,3881
,,2535,1121,3880
,,1470,1122,3879
,,184,1123,3878
,,4288,1124,3877
,,3730,1125,3876
,,2209,1126,3875
,,3976,1127,3874
,,696,1128,3873
,,865,1129,3872
,,3981,1130,3871
,,945,1131,3870
,,2000,1132,3869
,,2706,1133,3868
,,3378,1134,3867
,,2803,1135,3866
,,156,1136,3865
,,571,1137,3864
,,1551,1138,3863
,,4250,1139,3862
,,3918,1140,3861
,,1396,1141,3860
,,1548,1142,3859
,,2753,1143,3858
,,2238,1144,3857
,,2863,1145,3856
,,1161,1146,3855
,,37,1147,3854
,,3100,1148,3853
,,2903,1149,3852
,,1385,1150,3851
,,852,1151,3850
,,2372,1152,3849
,,2299,1153,3848
,,3670,1154,3847
,,2296,1155,3846
,,4722,1156,3845
,,421,1157,3844
,,2930,1158,3843
,,672,1159,3842
,,1331,1160,3841
,,4194,1161,3840
,,4043,1162,3839
,,31,1163,3838
,,2742,1164,3837
,,3513,1165,3836
,,4318,1166,3835
,,3952,1167,3834
,,3083,1168,3833
,,1791,1169,3832
,,1138,1170,3831
,,4370,1171,3830
,,4826,1172,3829
,,3173,1173,3828
,,2391,1174,3827
,,471,1175,3826
,,2488,1176,3825
,,2397,1177,3824
,,4569,1178,3823
,,4109,1179,3822
,,2470,1180,3821
,,707,1181,3820
,,4508,1182,3819
,,3424,1183,3818
,,170,1184,3817
,,1099,1185,3816
,,925,1186,3815
,,722,1187,3814
,,1491,1188,3813
,,89,1189,3812
,,4319,1190,3811
,,4443,1191,3810
,,154,1192,3809
,,2721,1193,3808
,,2096,1194,3807
,,3324,1195,3806
,,735,1196,3805
,,645,1197,3804
,,3483,1198,3803
,,3274,1199,3802
,,4678,1200,3801
,,205,1201,3800
,,4172,1202,3799
,,1380,1203,3798
,,155,1204,3797
,,1561,1205,3796
,,796,1206,3795
,,2038,1207,3794
,,4053,1208,3793
,,3180,1209,3792
,,3803,1210,3791
,,2795,1211,3790
,,656,1212,3789
,,420,1213,3788
,,2243,1214,3787
,,1884,1215,3786
,,200,1216,3785
,,2539,1217,3784
,,4091,1218,3783
,,2870,1219,3782
,,981,1220,3781
,,32,1221,3780
,,881,1222,3779
,,1353,1223,3778
,,2443,1224,3777
,,1425,1225,3776
,,1657,1226,3775
,,1629,1227,3774
,,1464,1228,3773
,,126,1229,3772
,,2628,1230,3771
,,462,1231,3770
,,3872,1232,3769
,,1970,1233,3768
,,752,1234,3767
,,1156,1235,3766
,,4350,1236,3765
,,3197,1237,3764
,,3044,1238,3763
,,2054,1239,3762
,,4668,1240,3761
,,4275,1241,3760
,,1504,1242,3759
,,2140,1243,3758
,,1107,1244,3757
,,3949,1245,3756
,,830,1246,3755
,,2308,1247,3754
,,2749,1248,3753
,,7,1249,3752
,,4784,1250,3751
,,957,1251,3750
,,4448,1252,3749
,,1079,1253,3748
,,3120,1254,3747
,,3835,1255,3746
,,1973,1256,3745
,,4281,1257,3744
,,2409,1258,3743
,,1956,1259,3742
,,4878,1260,3741
,,4870,1261,3740
,,4549,1262,3739
,,604,1263,3738
,,3019,1264,3737
,,4459,1265,3736
,,1764,1266,3735
,,850,1267,3734
,,3277,1268,3733
,,173,1269,3732
,,4548,1270,3731
,,4504,1271,3730
,,1329,1272,3729
,,1163,1273,3728
,,3685,1274,3727
,,95,1275,3726
,,332,1276,3725
,,2736,1277,3724
,,4637,1278,3723
,,3953,1279,3722
,,3309,1280,3721
,,2082,1281,3720
,,4521,1282,3719
,,1992,1283,3718
,,1954,1284,3717
,,2234,1285,3716
,,2211,1286,3715
,,3636,1287,3714
,,4696,1288,3713
,,2313,1289,3712
,,650,1290,3711
,,2684,1291,3710
,,4839,1292,3709
,,1091,1293,3708
,,1068,1294,3707
,,3028,1295,3706
,,367,1296,3705
,,1634,1297,3704
,,876,1298,3703
,,2107,1299,3702
,,4595,1300,3701
,,3320,1301,3700
,,2001,1302,3699
,,439,1303,3698
,,3889,1304,3697
,,1786,1305,3696
,,1164,1306,3695
,,1052,1307,3694
,,2270,1308,3693
,,504,1309,3692
,,3577,1310,3691
,,971,1311,3690
,,1643,1312,3689
,,1503,1313,3688
,,1539,1314,3687
,,3322,1315,3686
,,2425,1316,3685
,,1750,1317,3684
,,281,1318,3683
,,1247,1319,3682
,,4554,1320,3681
,,2702,1321,3680
,,2422,1322,3679
,,634,1323,3678
,,4526,1324,3677
,,3697,1325,3676
,,79,1326,3675
,,1219,1327,3674
,,3107,1328,3673
,,4143,1329,3672
,,2938,1330,3671
,,1104,1331,3670
,,785,1332,3669
,,2809,1333,3668
,,574,1334,3667
,,4410,1335,3666
,,1947,1336,3665
,,1502,1337,3664
,,3908,1338,3663
,,4693,1339,3662
,,4094,1340,3661
,,4209,1341,3660
,,3662,1342,3659
,,175,1343,3658
,,4660,1344,3657
,,804,1345,3656
,,2083,1346,3655
,,111,1347,3654
,,1716,1348,3653
,,225,1349,3652
,,4894,1350,3651
,,927,1351,3650
,,3668,1352,3649
,,27,1353,3648
,,139,1354,3647
,,249,1355,3646
,,2516,1356,3645
,,2453,1357,3644
,,4093,1358,3643
,,3342,1359,3642
,,1618,1360,3641
,,1210,1361,3640
,,983,1362,3639
,,4189,1363,3638
,,1580,1364,3637
,,2330,1365,3636
,,2538,1366,3635
,,1680,1367,3634
,,3485,1368,3633
,,1668,1369,3632
,,2951,1370,3631
,,2896,1371,3630
,,3205,1372,3629
,,3719,1373,3628
,,3784,1374,3627
,,1746,1375,3626
,,4849,1376,3625
,,536,1377,3624
,,4017,1378,3623
,,151,1379,3622
,,4821,1380,3621
,,872,1381,3620
,,2741,1382,3619
,,1883,1383,3618
,,4806,1384,3617
,,3184,1385,3616
,,4952,1386,3615
,,607,1387,3614
,,2101,1388,3613
,,4711,1389,3612
,,2932,1390,3611
,,3288,1391,3610
,,3660,1392,3609
,,3902,1393,3608
,,4298,1394,3607
,,1184,1395,3606
,,3327,1396,3605
,,1259,1397,3604
,,1635,1398,3603
,,1053,1399,3602
,,2357,1400,3601
,,3541,1401,3600
,,3446,1402,3599
,,36,1403,3598
,,77,1404,3597
,,4818,1405,3596
,,3787,1406,3595
,,4917,1407,3594
,,72,1408,3593
,,818,1409,3592
,,2137,1410,3591
,,5,1411,3590
,,3366,1412,3589
,,3666,1413,3588
,,100,1414,3587
,,942,1415,3586
,,2177,1416,3585
,,1245,1417,3584
,,4993,1418,3583
,,4321,1419,3582
,,2166,1420,3581
,,3304,1421,3580
,,3856,1422,3579
,,1802,1423,3578
,,4258,1424,3577
,,383,1425,3576
,,1357,1426,3575
,,4304,1427,3574
,,1366,1428,3573
,,2063,1429,3572
,,4813,1430,3571
,,1760,1431,3570
,,3866,1432,3569
,,4161,1433,3568
,,3842,1434,3567
,,1841,1435,3566
,,1943,1436,3565
,,1744,1437,3564
,,4880,1438,3563
,,913,1439,3562
,,2709,1440,3561
,,2792,1441,3560
,,511,1442,3559
,,2882,1443,3558
,,4895,1444,3557
,,4951,1445,3556
,,4786,1446,3555
,,3319,1447,3554
,,283,1448,3553
,,3812,1449,3552
,,4791,1450,3551
,,1415,1451,3550
,,466,1452,3549
,,4838,1453,3548
,,4023,1454,3547
,,2351,1455,3546
,,517,1456,3545
,,1656,1457,3544
,,3257,1458,3543
,,2324,1459,3542
,,19,1460,3541
,,4697,1461,3540
,,4267,1462,3539
,,4621,1463,3538
,,1740,1464,3537
,,87,1465,3536
,,4939,1466,3535
,,4665,1467,3534
,,3781,1468,3533
,,1950,1469,3532
,,2519,1470,3531
,,1933,1471,3530
,,388,1472,3529
,,2624,1473,3528
,,3031,1474,3527
,,3359,1475,3526
,,3602,1476,3525
,,918,1477,3524
,,457,1478,3523
,,3809,1479,3522
,,1001,1480,3521
,,2052,1481,3520
,,8,1482,3519
,,1844,1483,3518
,,3561,1484,3517
,,4956,1485,3516
,,3535,1486,3515
,,2859,1487,3514
,,3305,1488,3513
,,2131,1489,3512
,,4664,1490,3511
,,4025,1491,3510
,,3018,1492,3509
,,2124,1493,3508
,,4472,1494,3507
,,2544,1495,3506
,,1792,1496,3505
,,3373,1497,3504
,,1290,1498,3503
,,3244,1499,3502
,,4273,1500,3501
,,4635,1501,3500
,,453,1502,3499
,,365,1503,3498
,,4334,1504,3497
,,2775,1505,3496
,,2653,1506,3495
,,2948,1507,3494
,,4191,1508,3493
,,1455,1509,3492
,,4170,1510,3491
,,2591,1511,3490
,,4332,1512,3489
,,4102,1513,3488
,,2966,1514,3487
,,2676,1515,3486
,,3315,1516,3485
,,4006,1517,3484
,,3887,1518,3483
,,2852,1519,3482
,,1345,1520,3481
,,4181,1521,3480
,,1798,1522,3479
,,836,1523,3478
,,4092,1524,3477
,,3439,1525,3476
,,4345,1526,3475
,,2043,1527,3474
,,4174,1528,3473
,,1009,1529,3472
,,4644,1530,3471
,,644,1531,3470
,,1231,1532,3469
,,1714,1533,3468
,,2237,1534,3467
,,3193,1535,3466
,,1665,1536,3465
,,4588,1537,3464
,,3443,1538,3463
,,2506,1539,3462
,,4809,1540,3461
,,165,1541,3460
,,3658,1542,3459
,,840,1543,3458
,,1102,1544,3457
,,4054,1545,3456
,,2507,1546,3455
,,1363,1547,3454
,,4770,1548,3453
,,4157,1549,3452
,,4282,1550,3451
,,2434,1551,3450
,,2844,1552,3449
,,789,1553,3448
,,1862,1554,3447
,,2026,1555,3446
,,96,1556,3445
,,502,1557,3444
,,2498,1558,3443
,,3817,1559,3442
,,265,1560,3441
,,639,1561,3440
,,3452,1562,3439
,,2902,1563,3438
,,3628,1564,3437
,,2786,1565,3436
,,1564,1566,3435
,,1552,1567,3434
,,2110,1568,3433
,,3733,1569,3432
,,4138,1570,3431
,,2448,1571,3430
,,2614,1572,3429
,,4531,1573,3428
,,1268,1574,3427
,,3770,1575,3426
,,4840,1576,3425
,,2019,1577,3424
,,3307,1578,3423
,,905,1579,3422
,,2283,1580,3421
,,3677,1581,3420
,,2520,1582,3419
,,423,1583,3418
,,3874,1584,3417
,,3548,1585,3416
,,2876,1586,3415
,,1907,1587,3414
,,931,1588,3413
,,1180,1589,3412
,,4738,1590,3411
,,4226,1591,3410
,,4514,1592,3409
,,2599,1593,3408
,,2497,1594,3407
,,4884,1595,3406
,,4371,1596,3405
,,452,1597,3404
,,4005,1598,3403
,,43,1599,3402
,,3017,1600,3401
,,4525,1601,3400
,,4335,1602,3399
,,3883,1603,3398
,,4811,1604,3397
,,4541,1605,3396
,,4873,1606,3395
,,509,1607,3394
,,3937,1608,3393
,,706,1609,3392
,,4456,1610,3391
,,3654,1611,3390
,,2971,1612,3389
,,1181,1613,3388
,,1008,1614,3387
,,370,1615,3386
,,4299,1616,3385
,,1900,1617,3384
,,1413,1618,3383
,,2831,1619,3382
,,2593,1620,3381
,,1147,1621,3380
,,1885,1622,3379
,,381,1623,3378
,,3838,1624,3377
,,3909,1625,3376
,,3751,1626,3375
,,2823,1627,3374
,,4391,1628,3373
,,3850,1629,3372
,,868,1630,3371
,,734,1631,3370
,,2879,1632,3369
,,4057,1633,3368
,,1450,1634,3367
,,1393,1635,3366
,,3885,1636,3365
,,3255,1637,3364
,,2654,1638,3363
,,2710,1639,3362
,,145,1640,3361
,,2834,1641,3360
,,1974,1642,3359
,,1339,1643,3358
,,4297,1644,3357
,,827,1645,3356
,,1601,1646,3355
,,1930,1647,3354
,,975,1648,3353
,,2338,1649,3352
,,4397,1650,3351
,,3795,1651,3350
,,3399,1652,3349
,,3593,1653,3348
,,3625,1654,3347
,,4503,1655,3346
,,4830,1656,3345
,,2175,1657,3344
,,3728,1658,3343
,,704,1659,3342
,,1747,1660,3341
,,1957,1661,3340
,,2526,1662,3339
,,3115,1663,3338
,,2021,1664,3337
,,2418,1665,3336
,,2427,1666,3335
,,1095,1667,3334
,,740,1668,3333
,,108,1669,3332
,,996,1670,3331
,,2956,1671,3330
,,4277,1672,3329
,,1612,1673,3328
,,1679,1674,3327
,,15,1675,3326
,,3449,1676,3325
,,4234,1677,3324
,,1699,1678,3323
,,2291,1679,3322
,,1681,1680,3321
,,4202,1681,3320
,,632,1682,3319
,,772,1683,3318
,,2386,1684,3317
,,4412,1685,3316
,,603,1686,3315
,,4484,1687,3314
,,1042,1688,3313
,,4151,1689,3312
,,4216,1690,3311
,,1546,1691,3310
,,773,1692,3309
,,4320,1693,3308
,,3998,1694,3307
,,1711,1695,3306
,,4245,1696,3305
,,130,1697,3304
,,3650,1698,3303
,,546,1699,3302
,,2994,1700,3301
,,3745,1701,3300
,,1857,1702,3299
,,4095,1703,3298
,,1293,1704,3297
,,4561,1705,3296
,,2571,1706,3295
,,3882,1707,3294
,,2376,1708,3293
,,4467,1709,3292
,,3106,1710,3291
,,4399,1711,3290
,,2632,1712,3289
,,3690,1713,3288
,,1028,1714,3287
,,1871,1715,3286
,,2152,1716,3285
,,4493,1717,3284
,,3179,1718,3283
,,3131,1719,3282
,,2999,1720,3281
,,1645,1721,3280
,,2560,1722,3279
,,3686,1723,3278
,,2272,1724,3277
,,4551,1725,3276
,,3649,1726,3275
,,1312,1727,3274
,,1235,1728,3273
,,583,1729,3272
,,1049,1730,3271
,,1597,1731,3270
,,1224,1732,3269
,,26,1733,3268
,,1853,1734,3267
,,1999,1735,3266
,,1397,1736,3265
,,1358,1737,3264
,,2399,1738,3263
,,168,1739,3262
,,1675,1740,3261
,,1925,1741,3260
,,336,1742,3259
,,4421,1743,3258
,,1085,1744,3257
,,2708,1745,3256
,,1441,1746,3255
,,1928,1747,3254
,,518,1748,3253
,,2163,1749,3252
,,3796,1750,3251
,,4018,1751,3250
,,684,1752,3249
,,4570,1753,3248
,,3129,1754,3247
,,3108,1755,3246
,,990,1756,3245
,,1964,1757,3244
,,455,1758,3243
,,4957,1759,3242
,,4559,1760,3241
,,4879,1761,3240
,,2635,1762,3239
,,1123,1763,3238
,,1426,1764,3237
,,4519,1765,3236
,,4301,1766,3235
,,973,1767,3234
,,2705,1768,3233
,,3932,1769,3232
,,3010,1770,3231
,,4478,1771,3230
,,2990,1772,3229
,,1004,1773,3228
,,282,1774,3227
,,451,1775,3226
,,3411,1776,3225
,,948,1777,3224
,,3370,1778,3223
,,459,1779,3222
,,2627,1780,3221
,,4348,1781,3220
,,3462,1782,3219
,,2395,1783,3218
,,3089,1784,3217
,,4589,1785,3216
,,1045,1786,3215
,,3492,1787,3214
,,3643,1788,3213
,,2465,1789,3212
,,1599,1790,3211
,,2669,1791,3210
,,4300,1792,3209
,,1198,1793,3208
,,985,1794,3207
,,3948,1795,3206
,,1672,1796,3205
,,3996,1797,3204
,,2073,1798,3203
,,4152,1799,3202
,,1060,1800,3201
,,3330,1801,3200
,,4542,1802,3199
,,122,1803,3198
,,1471,1804,3197
,,4553,1805,3196
,,1682,1806,3195
,,4945,1807,3194
,,290,1808,3193
,,298,1809,3192
,,700,1810,3191
,,917,1811,3190
,,3756,1812,3189
,,3360,1813,3188
,,4112,1814,3187
,,3929,1815,3186
,,1301,1816,3185
,,4856,1817,3184
,,2403,1818,3183
,,1137,1819,3182
,,4944,1820,3181
,,3252,1821,3180
,,1592,1822,3179
,,3695,1823,3178
,,3049,1824,3177
,,2625,1825,3176
,,2623,1826,3175
,,4020,1827,3174
,,398,1828,3173
,,3375,1829,3172
,,311,1830,3171
,,1569,1831,3170
,,4206,1832,3169
,,431,1833,3168
,,1317,1834,3167
,,3543,1835,3166
,,22,1836,3165
,,2655,1837,3164
,,59,1838,3163
,,469,1839,3162
,,1506,1840,3161
,,895,1841,3160
,,670,1842,3159
,,1763,1843,3158
,,779,1844,3157
,,4639,1845,3156
,,3213,1846,3155
,,228,1847,3154
,,941,1848,3153
,,4785,1849,3152
,,1017,1850,3151
,,2752,1851,3150
,,3731,1852,3149
,,585,1853,3148
,,1694,1854,3147
,,193,1855,3146
,,4337,1856,3145
,,2746,1857,3144
,,1033,1858,3143
,,2673,1859,3142
,,3959,1860,3141
,,1573,1861,3140
,,3501,1862,3139
,,4222,1863,3138
,,376,1864,3137
,,3912,1865,3136
,,348,1866,3135
,,3273,1867,3134
,,3927,1868,3133
,,1628,1869,3132
,,1133,1870,3131
,,1842,1871,3130
,,2751,1872,3129
,,1859,1873,3128
,,73,1874,3127
,,4594,1875,3126
,,153,1876,3125
,,3510,1877,3124
,,1324,1878,3123
,,784,1879,3122
,,2281,1880,3121
,,1018,1881,3120
,,1541,1882,3119
,,3659,1883,3118
,,4964,1884,3117
,,1222,1885,3116
,,2440,1886,3115
,,4010,1887,3114
,,61,1888,3113
,,4807,1889,3112
,,1258,1890,3111
,,92,1891,3110
,,2377,1892,3109
,,4788,1893,3108
,,4470,1894,3107
,,3157,1895,3106
,,1983,1896,3105
,,3708,1897,3104
,,783,1898,3103
,,400,1899,3102
,,487,1900,3101
,,2636,1901,3100
,,1689,1902,3099
,,4037,1903,3098
,,2205,1904,3097
,,1192,1905,3096
,,839,1906,3095
,,4127,1907,3094
,,2011,1908,3093
,,3419,1909,3092
,,2824,1910,3091
,,4201,1911,3090
,,3597,1912,3089
,,1996,1913,3088
,,3270,1914,3087
,,4246,1915,3086
,,177,1916,3085
,,2381,1917,3084
,,2658,1918,3083
,,572,1919,3082
,,4670,1920,3081
,,2108,1921,3080
,,4221,1922,3079
,,377,1923,3078
,,1958,1924,3077
,,4039,1925,3076
,,1710,1926,3075
,,884,1927,3074
,,3509,1928,3073
,,929,1929,3072
,,909,1930,3071
,,3549,1931,3070
,,1693,1932,3069
,,1300,1933,3068
,,166,1934,3067
,,4352,1935,3066
,,41,1936,3065
,,1834,1937,3064
,,4908,1938,3063
,,1039,1939,3062
,,3185,1940,3061
,,1942,1941,3060
,,1443,1942,3059
,,3539,1943,3058
,,2215,1944,3057
,,4462,1945,3056
,,2914,1946,3055
,,3156,1947,3054
,,4998,1948,3053
,,2132,1949,3052
,,2558,1950,3051
,,436,1951,3050
,,1275,1952,3049
,,480,1953,3048
,,3009,1954,3047
,,2474,1955,3046
,,318,1956,3045
,,2759,1957,3044
,,180,1958,3043
,,2522,1959,3042
,,566,1960,3041
,,3824,1961,3040
,,3070,1962,3039
,,1295,1963,3038
,,3308,1964,3037
,,1097,1965,3036
,,1101,1966,3035
,,3092,1967,3034
,,1627,1968,3033
,,2718,1969,3032
,,24,1970,3031
,,4968,1971,3030
,,2445,1972,3029
,,4776,1973,3028
,,2682,1974,3027
,,2417,1975,3026
,,2164,1976,3025
,,4374,1977,3024
,,1542,1978,3023
,,1818,1979,3022
,,1774,1980,3021
,,2985,1981,3020
,,1080,1982,3019
,,38,1983,3018
,,2769,1984,3017
,,3287,1985,3016
,,1824,1986,3015
,,3302,1987,3014
,,2213,1988,3013
,,4575,1989,3012
,,3746,1990,3011
,,673,1991,3010
,,4231,1992,3009
,,869,1993,3008
,,4,1994,3007
,,1924,1995,3006
,,3084,1996,3005
,,2088,1997,3004
,,1602,1998,3003
,,3570,1999,3002
,,3181,2000,3001
,,2926,2001,3000
,,4790,2002,2999
,,2917,2003,2998
,,1335,2004,2997
,,512,2005,2996
,,1581,2006,2995
,,4990,2007,2994
,,1719,2008,2993
,,327,2009,2992
,,4034,2010,2991
,,4887,2011,2990
,,2912,2012,2989
,,1241,2013,2988
,,4372,2014,2987
,,1591,2015,2986
,,4059,2016,2985
,,4661,2017,2984
,,405,2018,2983
,,2750,2019,2982
,,4344,2020,2981
,,4921,2021,2980
,,1209,2022,2979
,,1847,2023,2978
,,3143,2024,2977
,,4490,2025,2976
,,4485,2026,2975
,,960,2027,2974
,,2517,2028,2973
,,1211,2029,2972
,,2652,2030,2971
,,1467,2031,2970
,,2633,2032,2969
,,3052,2033,2968
,,866,2034,2967
,,277,2035,2966
,,4325,2036,2965
,,523,2037,2964
,,3345,2038,2963
,,2514,2039,2962
,,4153,2040,2961
,,2244,2041,2960
,,2367,2042,2959
,,1323,2043,2958
,,255,2044,2957
,,2594,2045,2956
,,4705,2046,2955
,,1452,2047,2954
,,1270,2048,2953
,,1748,2049,2952
,,4062,2050,2951
,,160,2051,2950
,,2317,2052,2949
,,3523,2053,2948
,,3940,2054,2947
,,4450,2055,2946
,,3831,2056,2945
,,4650,2057,2944
,,540,2058,2943
,,4825,2059,2942
,,1832,2060,2941
,,1498,2061,2940
,,3051,2062,2939
,,3681,2063,2938
,,1960,2064,2937
,,1705,2065,2936
,,55,2066,2935
,,1768,2067,2934
,,271,2068,2933
,,3684,2069,2932
,,1730,2070,2931
,,3442,2071,2930
,,3709,2072,2929
,,4511,2073,2928
,,2247,2074,2927
,,1254,2075,2926
,,560,2076,2925
,,4987,2077,2924
,,4592,2078,2923
,,3165,2079,2922
,,4016,2080,2921
,,2949,2081,2920
,,3296,2082,2919
,,2947,2083,2918
,,4425,2084,2917
,,4041,2085,2916
,,3797,2086,2915
,,2071,2087,2914
,,1953,2088,2913
,,3217,2089,2912
,,93,2090,2911
,,2025,2091,2910
,,1706,2092,2909
,,3794,2093,2908
,,4646,2094,2907
,,1617,2095,2906
,,76,2096,2905
,,2220,2097,2904
,,2224,2098,2903
,,4556,2099,2902
,,4366,2100,2901
,,831,2101,2900
,,2411,2102,2899
,,4940,2103,2898
,,4702,2104,2897
,,3522,2105,2896
,,3903,2106,2895
,,1214,2107,2894
,,2201,2108,2893
,,186,2109,2892
,,2239,2110,2891
,,2428,2111,2890
,,1020,2112,2889
,,972,2113,2888
,,174,2114,2887
,,521,2115,2886
,,3608,2116,2885
,,23,2117,2884
,,1550,2118,2883
,,4254,2119,2882
,,1075,2120,2881
,,4464,2121,2880
,,833,2122,2879
,,731,2123,2878
,,2100,2124,2877
,,2059,2125,2876
,,4972,2126,2875
,,1965,2127,2874
,,2341,2128,2873
,,844,2129,2872
,,4120,2130,2871
,,2468,2131,2870
,,1352,2132,2869
,,4184,2133,2868
,,1770,2134,2867
,,216,2135,2866
,,2342,2136,2865
,,4444,2137,2864
,,2805,2138,2863
,,2360,2139,2862
,,3087,2140,2861
,,1269,2141,2860
,,3875,2142,2859
,,3569,2143,2858
,,2042,2144,2857
,,900,2145,2856
,,4045,2146,2855
,,1482,2147,2854
,,3242,2148,2853
,,2974,2149,2852
,,1856,2150,2851
,,2820,2151,2850
,,1242,2152,2849
,,781,2153,2848
,,2460,2154,2847
,,4805,2155,2846
,,1669,2156,2845
,,3725,2157,2844
,,4598,2158,2843
,,1510,2159,2842
,,3657,2160,2841
,,3130,2161,2840
,,2305,2162,2839
,,3481,2163,2838
,,2017,2164,2837
,,4164,2165,2836
,,2459,2166,2835
,,4396,2167,2834
,,363,2168,2833
,,1492,2169,2832
,,460,2170,2831
,,3679,2171,2830
,,394,2172,2829
,,3121,2173,2828
,,4709,2174,2827
,,2253,2175,2826
,,4686,2176,2825
,,4166,2177,2824
,,295,2178,2823
,,3847,2179,2822
,,4009,2180,2821
,,380,2181,2820
,,2147,2182,2819
,,926,2183,2818
,,2320,2184,2817
,,2675,2185,2816
,,2798,2186,2815
,,3207,2187,2814
,,3865,2188,2813
,,3743,2189,2812
,,2171,2190,2811
,,1815,2191,2810
,,1660,2192,2809
,,2286,2193,2808
,,1630,2194,2807
,,2766,2195,2806
,,3757,2196,2805
,,2692,2197,2804
,,1606,2198,2803
,,401,2199,2802
,,873,2200,2801
,,1758,2201,2800
,,2832,2202,2799
,,458,2203,2798
,,1328,2204,2797
,,4049,2205,2796
,,1507,2206,2795
,,788,2207,2794
,,3648,2208,2793
,,2894,2209,2792
,,2661,2210,2791
,,239,2211,2790
,,4477,2212,2789
,,67,2213,2788
,,698,2214,2787
,,2928,2215,2786
,,121,2216,2785
,,3472,2217,2784
,,4864,2218,2783
,,3747,2219,2782
,,4888,2220,2781
,,4995,2221,2780
,,3984,2222,2779
,,4239,2223,2778
,,305,2224,2777
,,3945,2225,2776
,,1044,2226,2775
,,1588,2227,2774
,,947,2228,2773
,,2731,2229,2772
,,1655,2230,2771
,,4197,2231,2770
,,4390,2232,2769
,,630,2233,2768
,,513,2234,2767
,,1392,2235,2766
,,3177,2236,2765
,,4100,2237,2764
,,4488,2238,2763
,,3619,2239,2762
,,2119,2240,2761
,,4954,2241,2760
,,4496,2242,2759
,,176,2243,2758
,,813,2244,2757
,,2334,2245,2756
,,2774,2246,2755
,,437,2247,2754
,,3986,2248,2753
,,3771,2249,2752
,,3837,2250,2751
,,3094,2251,2750
,,2454,2252,2749
,,803,2253,2748
,,4130,2254,2747
,,1696,2255,2746
,,4546,2256,2745
,,1633,2257,2744
,,3566,2258,2743
,,3141,2259,2742
,,4295,2260,2741
,,1767,2261,2740
,,858,2262,2739
,,968,2263,2738
,,3999,2264,2737
,,133,2265,2736
,,253,2266,2735
,,3961,2267,2734
,,1311,2268,2733
,,554,2269,2732
,,794,2270,2731
,,2268,2271,2730
,,2086,2272,2729
,,4978,2273,2728
,,238,2274,2727
,,1989,2275,2726
,,3138,2276,2725
,,4495,2277,2724
,,2316,2278,2723
,,171,2279,2722
,,3300,2280,2721
,,3555,2281,2720
,,4326,2282,2719
,,2847,2283,2718
,,775,2284,2717
,,780,2285,2716
,,893,2286,2715
,,1106,2287,2714
,,1454,2288,2713
,,2584,2289,2712
,,689,2290,2711
,,899,2291,2710
,,4663,2292,2709
,,2284,2293,2708
,,3693,2294,2707
,,2354,2295,2706
,,1316,2296,2705
,,2916,2297,2704
,,4139,2298,2703
,,1333,2299,2702
,,1291,2300,2701
,,806,2301,2700
,,4615,2302,2699
,,4567,2303,2698
,,2656,2304,2697
,,2256,2305,2696
,,2160,2306,2695
,,664,2307,2694
,,390,2308,2693
,,3281,2309,2692
,,1940,2310,2691
,,2664,2311,2690
,,2881,2312,2689
,,1262,2313,2688
,,2570,2314,2687
,,4907,2315,2686
,,685,2316,2685
,,1986,2317,2684
,,4417,2318,2683
,,4584,2319,2682
,,4938,2320,2681
,,4341,2321,2680
,,3942,2322,2679
,,3161,2323,2678
,,3162,2324,2677
,,3383,2325,2676
,,4149,2326,2675
,,2730,2327,2674
,,414,2328,2673
,,3960,2329,2672
,,2455,2330,2671
,,10,2331,2670
,,1411,2332,2669
,,2828,2333,2668
,,1904,2334,2667
,,2836,2335,2666
,,3589,2336,2665
,,2875,2337,2664
,,2165,2338,2663
,,488,2339,2662
,,1922,2340,2661
,,4433,2341,2660
,,1515,2342,2659
,,2010,2343,2658
,,4566,2344,2657
,,1831,2345,2656
,,2958,2346,2655
,,1556,2347,2654
,,3029,2348,2653
,,1562,2349,2652
,,3711,2350,2651
,,920,2351,2650
,,587,2352,2649
,,3610,2353,2648
,,3983,2354,2647
,,463,2355,2646
,,221,2356,2645
,,1779,2357,2644
,,2897,2358,2643
,,2457,2359,2642
,,1898,2360,2641
,,4302,2361,2640
,,1240,2362,2639
,,489,2363,2638
,,3379,2364,2637
,,737,2365,2636
,,1577,2366,2635
,,2318,2367,2634
,,3487,2368,2633
,,4746,2369,2632
,,4882,2370,2631
,,226,2371,2630
,,3247,2372,2629
,,943,2373,2628
,,1213,2374,2627
,,3700,2375,2626
,,270,2376,2625
,,3351,2377,2624
,,1027,2378,2623
,,195,2379,2622
,,1821,2380,2621
,,4983,2381,2620
,,934,2382,2619
,,2925,2383,2618
,,4933,2384,2617
,,600,2385,2616
,,638,2386,2615
,,4923,2387,2614
,,3144,2388,2613
,,3149,2389,2612
,,2860,2390,2611
,,4648,2391,2610
,,2598,2392,2609
,,4618,2393,2608
,,2155,2394,2607
,,1784,2395,2606
,,293,2396,2605
,,2889,2397,2604
,,1248,2398,2603
,,2576,2399,2602
,,4101,2400,2601
,,303,2401,2600
,,3673,2402,2599
,,1899,2403,2598
,,2563,2404,2597
,,4065,2405,2596
,,1979,2406,2595
,,3575,2407,2594
,,412,2408,2593
,,3086,2409,2592
,,1994,2410,2591
,,4330,2411,2590
,,739,2412,2589
,,4401,2413,2588
,,3978,2414,2587
,,4672,2415,2586
,,1673,2416,2585
,,4832,2417,2584
,,2603,2418,2583
,,3289,2419,2582
,,1429,2420,2581
,,993,2421,2580
,,2447,2422,2579
,,1273,2423,2578
,,2311,2424,2577
,,3075,2425,2576
,,843,2426,2575
,,3043,2427,2574
,,2416,2428,2573
,,1866,2429,2572
,,3933,2430,2571
,,1576,2431,2570
,,613,2432,2569
,,1002,2433,2568
,,3008,2434,2567
,,4070,2435,2566
,,501,2436,2565
,,2236,2437,2564
,,3037,2438,2563
,,4118,2439,2562
,,2126,2440,2561
,,3900,2441,2560
,,1152,2442,2559
,,2113,2443,2558
,,506,2444,2557
,,3895,2445,2556
,,4422,2446,2555
,,659,2447,2554
,,213,2448,2553
,,1530,2449,2552
,,2161,2450,2551
,,1863,2451,2550
,,4083,2452,2549
,,2056,2453,2548
,,2873,2454,2547
,,2969,2455,2546
,,674,2456,2545
,,1589,2457,2544
,,4471,2458,2543
,,2608,2459,2542
,,4875,2460,2541
,,88,2461,2540
,,1118,2462,2539
,,3916,2463,2538
,,1738,2464,2537
,,2703,2465,2536
,,857,2466,2535
,,2909,2467,2534
,,1355,2468,2533
,,4827,2469,2532
,,1427,2470,2531
,,4537,2471,2530
,,2321,2472,2529
,,2728,2473,2528
,,1153,2474,2527
,,2173,2475,2526
,,1050,2476,2525
,,2415,2477,2524
,,4735,2478,2523
,,828,2479,2522
,,64,2480,2521
,,4740,2481,2520
,,188,2482,2519
,,2552,2483,2518
,,2191,2484,2517
,,1349,2485,2516
,,661,2486,2515
,,3186,2487,2514
,,4180,2488,2513
,,1088,2489,2512
,,1554,2490,2511
,,1707,2491,2510
,,765,2492,2509
,,1136,2493,2508
,,1935,2494,2507
,,147,2495,2506
,,3777,2496,2505
,,2777,2497,2504
,,1390,2498,2503
,,2866,2499,2502
,,4948,2500,2501
,,1286,2501,2500
,,2662,2502,2499
,,1373,2503,2498
,,4198,2504,2497
,,4251,2505,2496
,,768,2506,2495
,,1151,2507,2494
,,3127,2508,2493
,,152,2509,2492
,,1433,2510,2491
,,433,2511,2490
,,3290,2512,2489
,,2686,2513,2488
,,2292,2514,2487
,,1946,2515,2486
,,97,2516,2485
,,2821,2517,2484
,,1146,2518,2483
,,1226,2519,2482
,,2405,2520,2481
,,4534,2521,2480
,,649,2522,2479
,,1968,2523,2478
,,3381,2524,2477
,,2872,2525,2476
,,2503,2526,2475
,,4831,2527,2474
,,3151,2528,2473
,,4379,2529,2472
,,4936,2530,2471
,,115,2531,2470
,,3354,2532,2469
,,2162,2533,2468
,,3826,2534,2467
,,3396,2535,2466
,,212,2536,2465
,,3985,2537,2464
,,2740,2538,2463
,,657,2539,2462
,,1734,2540,2461
,,3362,2541,2460
,,4056,2542,2459
,,340,2543,2458
,,3272,2544,2457
,,4597,2545,2456
,,2189,2546,2455
,,3077,2547,2454
,,2435,2548,2453
,,2361,2549,2452
,,1590,2550,2451
,,498,2551,2450
,,3382,2552,2449
,,820,2553,2448
,,227,2554,2447
,,810,2555,2446
,,4440,2556,2445
,,2601,2557,2444
,,2022,2558,2443
,,2041,2559,2442
,,1007,2560,2441
,,2252,2561,2440
,,505,2562,2439
,,1043,2563,2438
,,4578,2564,2437
,,1663,2565,2436
,,1252,2566,2435
,,444,2567,2434
,,2439,2568,2433
,,456,2569,2432
,,1150,2570,2431
,,1342,2571,2430
,,3692,2572,2429
,,1371,2573,2428
,,3563,2574,2427
,,4137,2575,2426
,,799,2576,2425
,,627,2577,2424
,,1,2578,2423
,,331,2579,2422
,,3576,2580,2421
,,3645,2581,2420
,,2369,2582,2419
,,4912,2583,2418
,,2481,2584,2417
,,1984,2585,2416
,,608,2586,2415
,,1825,2587,2414
,,3760,2588,2413
,,4824,2589,2412
,,2477,2590,2411
,,949,2591,2410
,,2694,2592,2409
,,2666,2593,2408
,,1296,2594,2407
,,2149,2595,2406
,,635,2596,2405
,,4279,2597,2404
,,1519,2598,2403
,,4636,2599,2402
,,2797,2600,2401
,,570,2601,2400
,,4081,2602,2399
,,1399,2603,2398
,,328,2604,2397
,,578,2605,2396
,,2979,2606,2395
,,4631,2607,2394
,,2319,2608,2393
,,419,2609,2392
,,4903,2610,2391
,,4819,2611,2390
,,2408,2612,2389
,,679,2613,2388
,,969,2614,2387
,,2404,2615,2386
,,3072,2616,2385
,,564,2617,2384
,,3639,2618,2383
,,344,2619,2382
,,3584,2620,2381
,,1165,2621,2380
,,3261,2622,2379
,,1955,2623,2378
,,3971,2624,2377
,,4950,2625,2376
,,1041,2626,2375
,,1190,2627,2374
,,3434,2628,2373
,,4272,2629,2372
,,3941,2630,2371
,,485,2631,2370
,,232,2632,2369
,,2791,2633,2368
,,1389,2634,2367
,,3316,2635,2366
,,3637,2636,2365
,,4703,2637,2364
,,1624,2638,2363
,,4909,2639,2362
,,274,2640,2361
,,3090,2641,2360
,,1090,2642,2359
,,3729,2643,2358
,,1475,2644,2357
,,4918,2645,2356
,,3749,2646,2355
,,1264,2647,2354
,,3579,2648,2353
,,777,2649,2352
,,4186,2650,2351
,,4142,2651,2350
,,1701,2652,2349
,,1037,2653,2348
,,3111,2654,2347
,,835,2655,2346
,,2158,2656,2345
,,1728,2657,2344
,,3596,2658,2343
,,728,2659,2342
,,2537,2660,2341
,,82,2661,2340
,,3096,2662,2339
,,1839,2663,2338
,,104,2664,2337
,,703,2665,2336
,,851,2666,2335
,,4795,2667,2334
,,1481,2668,2333
,,4173,2669,2332
,,1557,2670,2331
,,4910,2671,2330
,,2199,2672,2329
,,1962,2673,2328
,,1021,2674,2327
,,25,2675,2326
,,581,2676,2325
,,1780,2677,2324
,,4852,2678,2323
,,3294,2679,2322
,,4394,2680,2321
,,185,2681,2320
,,3828,2682,2319
,,2645,2683,2318
,,1143,2684,2317
,,3489,2685,2316
,,3314,2686,2315
,,4739,2687,2314
,,686,2688,2313
,,3568,2689,2312
,,3500,2690,2311
,,197,2691,2310
,,3060,2692,2309
,,4155,2693,2308
,,801,2694,2307
,,4701,2695,2306
,,1282,2696,2305
,,2420,2697,2304
,,4671,2698,2303
,,4058,2699,2302
,,2185,2700,2301
,,1772,2701,2300
,,620,2702,2299
,,4413,2703,2298
,,4068,2704,2297
,,2827,2705,2296
,,1790,2706,2295
,,2922,2707,2294
,,889,2708,2293
,,2906,2709,2292
,,4966,2710,2291
,,3042,2711,2290
,,774,2712,2289
,,764,2713,2288
,,3467,2714,2287
,,3344,2715,2286
,,4147,2716,2285
,,4747,2717,2284
,,1535,2718,2283
,,357,2719,2282
,,2356,2720,2281
,,4920,2721,2280
,,1765,2722,2279
,,4483,2723,2278
,,2997,2724,2277
,,4154,2725,2276
,,2325,2726,2275
,,2700,2727,2274
,,1771,2728,2273
,,2031,2729,2272
,,4259,2730,2271
,,2444,2731,2270
,,1944,2732,2269
,,1179,2733,2268
,,4896,2734,2267
,,1923,2735,2266
,,938,2736,2265
,,2414,2737,2264
,,1523,2738,2263
,,2366,2739,2262
,,1932,2740,2261
,,2392,2741,2260
,,287,2742,2259
,,898,2743,2258
,,879,2744,2257
,,4411,2745,2256
,,4841,2746,2255
,,3623,2747,2254
,,2717,2748,2253
,,1298,2749,2252
,,690,2750,2251
,,3432,2751,2250
,,4441,2752,2249
,,3663,2753,2248
,,1876,2754,2247
,,3514,2755,2246
,,3534,2756,2245
,,4682,2757,2244
,,719,2758,2243
,,3727,2759,2242
,,1087,2760,2241
,,461,2761,2240
,,1692,2762,2239
,,1610,2763,2238
,,4579,2764,2237
,,86,2765,2236
,,3750,2766,2235
,,2105,2767,2234
,,113,2768,2233
,,2691,2769,2232
,,616,2770,2231
,,662,2771,2230
,,3412,2772,2229
,,2865,2773,2228
,,3365,2774,2227
,,4886,2775,2226
,,1086,2776,2225
,,430,2777,2224
,,614,2778,2223
,,2148,2779,2222
,,3445,2780,2221
,,4794,2781,2220
,,4159,2782,2219
,,14,2783,2218
,,2893,2784,2217
,,1030,2785,2216
,,4766,2786,2215
,,1029,2787,2214
,,2229,2788,2213
,,3989,2789,2212
,,2690,2790,2211
,,3521,2791,2210
,,3132,2792,2209
,,2755,2793,2208
,,4961,2794,2207
,,2677,2795,2206
,,2547,2796,2205
,,2098,2797,2204
,,313,2798,2203
,,2773,2799,2202
,,1529,2800,2201
,,116,2801,2200
,,2266,2802,2199
,,4075,2803,2198
,,1229,2804,2197
,,3943,2805,2196
,,2745,2806,2195
,,263,2807,2194
,,3854,2808,2193
,,4001,2809,2192
,,2121,2810,2191
,,2954,2811,2190
,,3332,2812,2189
,,2112,2813,2188
,,2116,2814,2187
,,3045,2815,2186
,,3980,2816,2185
,,1473,2817,2184
,,2499,2818,2183
,,4576,2819,2182
,,2886,2820,2181
,,1759,2821,2180
,,618,2822,2179
,,294,2823,2178
,,3400,2824,2177
,,4763,2825,2176
,,701,2826,2175
,,4162,2827,2174
,,1828,2828,2173
,,3792,2829,2172
,,4340,2830,2171
,,16,2831,2170
,,3335,2832,2169
,,3395,2833,2168
,,1739,2834,2167
,,2853,2835,2166
,,2398,2836,2165
,,3063,2837,2164
,,2307,2838,2163
,,2695,2839,2162
,,4847,2840,2161
,,446,2841,2160
,,3301,2842,2159
,,4290,2843,2158
,,1344,2844,2157
,,2478,2845,2156
,,688,2846,2155
,,4063,2847,2154
,,3769,2848,2153
,,751,2849,2152
,,4506,2850,2151
,,3123,2851,2150
,,4643,2852,2149
,,1837,2853,2148
,,2466,2854,2147
,,3226,2855,2146
,,4061,2856,2145
,,2877,2857,2144
,,633,2858,2143
,,3254,2859,2142
,,3562,2860,2141
,,219,2861,2140
,,326,2862,2139
,,2502,2863,2138
,,1518,2864,2137
,,3778,2865,2136
,,2312,2866,2135
,,1061,2867,2134
,,74,2868,2133
,,1134,2869,2132
,,4674,2870,2131
,,1649,2871,2130
,,885,2872,2129
,,4953,2873,2128
,,2078,2874,2127
,,2490,2875,2126
,,3664,2876,2125
,,3223,2877,2124
,,3707,2878,2123
,,4375,2879,2122
,,2738,2880,2121
,,3790,2881,2120
,,1215,2882,2119
,,1888,2883,2118
,,3519,2884,2117
,,107,2885,2116
,,4193,2886,2115
,,3873,2887,2114
,,4977,2888,2113
,,2362,2889,2112
,,2982,2890,2111
,,3581,2891,2110
,,3011,2892,2109
,,2768,2893,2108
,,4073,2894,2107
,,4262,2895,2106
,,4656,2896,2105
,,534,2897,2104
,,2965,2898,2103
,,1527,2899,2102
,,4845,2900,2101
,,3357,2901,2100
,,3262,2902,2099
,,2117,2903,2098
,,1098,2904,2097
,,2991,2905,2096
,,808,2906,2095
,,3667,2907,2094
,,4160,2908,2093
,,2833,2909,2092
,,1332,2910,2091
,,1265,2911,2090
,,3311,2912,2089
,,4653,2913,2088
,,3788,2914,2087
,,1375,2915,2086
,,3398,2916,2085
,,1722,2917,2084
,,2030,2918,2083
,,3085,2919,2082
,,692,2920,2081
,,3993,2921,2080
,,2471,2922,2079
,,2167,2923,2078
,,4019,2924,2077
,,1207,2925,2076
,,3703,2926,2075
,,910,2927,2074
,,4823,2928,2073
,,2651,2929,2072
,,254,2930,2071
,,1459,2931,2070
,,3560,2932,2069
,,4208,2933,2068
,,666,2934,2067
,,3080,2935,2066
,,4003,2936,2065
,,2799,2937,2064
,,2976,2938,2063
,,4121,2939,2062
,,2258,2940,2061
,,4991,2941,2060
,,3675,2942,2059
,,2607,2943,2058
,,1521,2944,2057
,,366,2945,2056
,,3612,2946,2055
,,3384,2947,2054
,,1845,2948,2053
,,1721,2949,2052
,,963,2950,2051
,,2905,2951,2050
,,2967,2952,2049
,,2332,2953,2048
,,901,2954,2047
,,4255,2955,2046
,,1782,2956,2045
,,360,2957,2044
,,1440,2958,2043
,,3391,2959,2042
,,1585,2960,2041
,,4962,2961,2040
,,4400,2962,2039
,,1145,2963,2038
,,492,2964,2037
,,308,2965,2036
,,4052,2966,2035
,,2226,2967,2034
,,4436,2968,2033
,,4269,2969,2032
,,586,2970,2031
,,2047,2971,2030
,,1736,2972,2029
,,2983,2973,2028
,,4897,2974,2027
,,1361,2975,2026
,,3022,2976,2025
,,3802,2977,2024
,,3405,2978,2023
,,4736,2979,2022
,,561,2980,2021
,,3599,2981,2020
,,4458,2982,2019
,,150,2983,2018
,,1568,2984,2017
,,447,2985,2016
,,4583,2986,2015
,,4743,2987,2014
,,84,2988,2013
,,1497,2989,2012
,,354,2990,2011
,,2181,2991,2010
,,1607,2992,2009
,,4608,2993,2008
,,4874,2994,2007
,,863,2995,2006
,,3621,2996,2005
,,364,2997,2004
,,12,2998,2003
,,1374,2999,2002
,,3525,3000,2001
,,83,3001,2000
,,3235,3002,1999
,,3580,3003,1998
,,2950,3004,1997
,,3337,3005,1996
,,18,3006,1995
,,3190,3007,1994
,,1289,3008,1993
,,4611,3009,1992
,,4323,3010,1991
,,539,3011,1990
,,1431,3012,1989
,,246,3013,1988
,,988,3014,1987
,,1406,3015,1986
,,2412,3016,1985
,,1666,3017,1984
,,4204,3018,1983
,,3188,3019,1982
,,3822,3020,1981
,,1105,3021,1980
,,1813,3022,1979
,,4111,3023,1978
,,4029,3024,1977
,,1157,3025,1976
,,2413,3026,1975
,,402,3027,1974
,,3773,3028,1973
,,4931,3029,1972
,,2900,3030,1971
,,3970,3031,1970
,,970,3032,1969
,,1846,3033,1968
,,2433,3034,1967
,,2094,3035,1966
,,2524,3036,1965
,,353,3037,1964
,,4291,3038,1963
,,2588,3039,1962
,,1485,3040,1961
,,2129,3041,1960
,,1869,3042,1959
,,3735,3043,1958
,,231,3044,1957
,,1598,3045,1956
,,4000,3046,1955
,,1354,3047,1954
,,3669,3048,1953
,,4405,3049,1952
,,1536,3050,1951
,,209,3051,1950
,,4528,3052,1949
,,2373,3053,1948
,,2779,3054,1947
,,3055,3055,1946
,,2754,3056,1945
,,4761,3057,1944
,,2350,3058,1943
,,138,3059,1942
,,640,3060,1941
,,284,3061,1940
,,384,3062,1939
,,497,3063,1938
,,3347,3064,1937
,,3221,3065,1936
,,928,3066,1935
,,526,3067,1934
,,4610,3068,1933
,,3590,3069,1932
,,3611,3070,1931
,,3800,3071,1930
,,3135,3072,1929
,,2431,3073,1928
,,2615,3074,1927
,,1410,3075,1926
,,3845,3076,1925
,,335,3077,1924
,,1187,3078,1923
,,2380,3079,1922
,,3647,3080,1921
,,1076,3081,1920
,,288,3082,1919
,,2034,3083,1918
,,3102,3084,1917
,,4214,3085,1916
,,4985,3086,1915
,,3441,3087,1914
,,2842,3088,1913
,,1720,3089,1912
,,2285,3090,1911
,,4758,3091,1910
,,529,3092,1909
,,4235,3093,1908
,,4007,3094,1907
,,3919,3095,1906
,,1178,3096,1905
,,4376,3097,1904
,,6,3098,1903
,,959,3099,1902
,,743,3100,1901
,,2347,3101,1900
,,3256,3102,1899
,,3765,3103,1898
,,4457,3104,1897
,,1364,3105,1896
,,2644,3106,1895
,,1998,3107,1894
,,612,3108,1893
,,4420,3109,1892
,,1237,3110,1891
,,1833,3111,1890
,,758,3112,1889
,,2057,3113,1888
,,3804,3114,1887
,,3326,3115,1886
,,4158,3116,1885
,,2254,3117,1884
,,1063,3118,1883
,,1901,3119,1882
,,2081,3120,1881
,,222,3121,1880
,,3547,3122,1879
,,974,3123,1878
,,1674,3124,1877
,,1648,3125,1876
,,537,3126,1875
,,372,3127,1874
,,4586,3128,1873
,,2080,3129,1872
,,1975,3130,1871
,,3333,3131,1870
,,301,3132,1869
,,4294,3133,1868
,,1727,3134,1867
,,601,3135,1866
,,4404,3136,1865
,,3369,3137,1864
,,2529,3138,1863
,,2200,3139,1862
,,4997,3140,1861
,,4024,3141,1860
,,825,3142,1859
,,1418,3143,1858
,,2346,3144,1857
,,3105,3145,1856
,,4353,3146,1855
,,1698,3147,1854
,,2935,3148,1853
,,1806,3149,1852
,,2046,3150,1851
,,1848,3151,1850
,,3423,3152,1849
,,3461,3153,1848
,,467,3154,1847
,,1499,3155,1846
,,681,3156,1845
,,2810,3157,1844
,,3200,3158,1843
,,1611,3159,1842
,,955,3160,1841
,,2036,3161,1840
,,206,3162,1839
,,543,3163,1838
,,4454,3164,1837
,,4126,3165,1836
,,1640,3166,1835
,,4999,3167,1834
,,1158,3168,1833
,,1531,3169,1832
,,553,3170,1831
,,3910,3171,1830
,,2767,3172,1829
,,13,3173,1828
,,1873,3174,1827
,,1384,3175,1826
,,306,3176,1825
,,1407,3177,1824
,,812,3178,1823
,,278,3179,1822
,,4857,3180,1821
,,1409,3181,1820
,,4296,3182,1819
,,1437,3183,1818
,,4414,3184,1817
,,3035,3185,1816
,,1346,3186,1815
,,2670,3187,1814
,,2638,3188,1813
,,3041,3189,1812
,,4624,3190,1811
,,4105,3191,1810
,,269,3192,1809
,,3496,3193,1808
,,1690,3194,1807
,,4435,3195,1806
,,4754,3196,1805
,,967,3197,1804
,,4858,3198,1803
,,1803,3199,1802
,,2337,3200,1801
,,2589,3201,1800
,,3585,3202,1799
,,4447,3203,1798
,,4389,3204,1797
,,396,3205,1796
,,2679,3206,1795
,,1299,3207,1794
,,1338,3208,1793
,,127,3209,1792
,,3546,3210,1791
,,2566,3211,1790
,,3158,3212,1789
,,2248,3213,1788
,,3067,3214,1787
,,2726,3215,1786
,,3732,3216,1785
,,503,3217,1784
,,3386,3218,1783
,,4934,3219,1782
,,3488,3220,1781
,,4129,3221,1780
,,3000,3222,1779
,,2756,3223,1778
,,475,3224,1777
,,4552,3225,1776
,,90,3226,1775
,,3780,3227,1774
,,4108,3228,1773
,,2849,3229,1772
,,2719,3230,1771
,,859,3231,1770
,,4789,3232,1769
,,1466,3233,1768
,,837,3234,1767
,,2541,3235,1766
,,3099,3236,1765
,,1031,3237,1764
,,530,3238,1763
,,1608,3239,1762
,,2908,3240,1761
,,44,3241,1760
,,1575,3242,1759
,,3163,3243,1758
,,2578,3244,1757
,,300,3245,1756
,,500,3246,1755
,,1449,3247,1754
,,626,3248,1753
,,2545,3249,1752
,,4244,3250,1751
,,4604,3251,1750
,,409,3252,1749
,,1493,3253,1748
,,2573,3254,1747
,,1250,3255,1746
,,347,3256,1745
,,214,3257,1744
,,3759,3258,1743
,,4601,3259,1742
,,389,3260,1741
,,4801,3261,1740
,,276,3262,1739
,,1220,3263,1738
,,3033,3264,1737
,,1400,3265,1736
,,2327,3266,1735
,,4900,3267,1734
,,754,3268,1733
,,2597,3269,1732
,,3074,3270,1731
,,223,3271,1730
,,159,3272,1729
,,2015,3273,1728
,,1563,3274,1727
,,2111,3275,1726
,,2218,3276,1725
,,1812,3277,1724
,,1615,3278,1723
,,1819,3279,1722
,,40,3280,1721
,,1912,3281,1720
,,3774,3282,1719
,,3870,3283,1718
,,1306,3284,1717
,,3533,3285,1716
,,3148,3286,1715
,,4532,3287,1714
,,309,3288,1713
,,4695,3289,1712
,,2179,3290,1711
,,2888,3291,1710
,,1893,3292,1709
,,2437,3293,1708
,,580,3294,1707
,,4574,3295,1706
,,3880,3296,1705
,,2172,3297,1704
,,4339,3298,1703
,,4638,3299,1702
,,3997,3300,1701
,,4715,3301,1700
,,3973,3302,1699
,,3990,3303,1698
,,3388,3304,1697
,,4128,3305,1696
,,776,3306,1695
,,4328,3307,1694
,,4336,3308,1693
,,391,3309,1692
,,4177,3310,1691
,,2314,3311,1690
,,2587,3312,1689
,,1154,3313,1688
,,2264,3314,1687
,,3251,3315,1686
,,4533,3316,1685
,,1966,3317,1684
,,4854,3318,1683
,,3306,3319,1682
,,4491,3320,1681
,,2487,3321,1680
,,3701,3322,1679
,,4662,3323,1678
,,2300,3324,1677
,,1141,3325,1676
,,2040,3326,1675
,,3737,3327,1674
,,3738,3328,1673
,,3457,3329,1672
,,1729,3330,1671
,,867,3331,1670
,,1125,3332,1669
,,3027,3333,1668
,,242,3334,1667
,,4609,3335,1666
,,1851,3336,1665
,,2089,3337,1664
,,2813,3338,1663
,,132,3339,1662
,,3490,3340,1661
,,262,3341,1660
,,1111,3342,1659
,,3091,3343,1658
,,207,3344,1657
,,1860,3345,1656
,,3571,3346,1655
,,712,3347,1654
,,3479,3348,1653
,,1830,3349,1652
,,1360,3350,1651
,,317,3351,1650
,,4902,3352,1649
,,1294,3353,1648
,,625,3354,1647
,,4032,3355,1646
,,51,3356,1645
,,2693,3357,1644
,,3172,3358,1643
,,29,3359,1642
,,4913,3360,1641
,,244,3361,1640
,,4935,3362,1639
,,3678,3363,1638
,,1127,3364,1637
,,623,3365,1636
,,2572,3366,1635
,,4286,3367,1634
,,3640,3368,1633
,,962,3369,1632
,,922,3370,1631
,,822,3371,1630
,,1263,3372,1629
,,1310,3373,1628
,,3248,3374,1627
,,2657,3375,1626
,,3891,3376,1625
,,4382,3377,1624
,,2424,3378,1623
,,733,3379,1622
,,1646,3380,1621
,,3003,3381,1620
,,3991,3382,1619
,,4928,3383,1618
,,527,3384,1617
,,4090,3385,1616
,,2065,3386,1615
,,258,3387,1614
,,1478,3388,1613
,,680,3389,1612
,,1537,3390,1611
,,4751,3391,1610
,,1897,3392,1609
,,2987,3393,1608
,,4271,3394,1607
,,3793,3395,1606
,,4777,3396,1605
,,2204,3397,1604
,,4205,3398,1603
,,3915,3399,1602
,,1378,3400,1601
,,3954,3401,1600
,,28,3402,1599
,,3343,3403,1598
,,2862,3404,1597
,,1194,3405,1596
,,2698,3406,1595
,,4119,3407,1594
,,4622,3408,1593
,,3470,3409,1592
,,1532,3410,1591
,,864,3411,1590
,,1626,3412,1589
,,2764,3413,1588
,,605,3414,1587
,,2018,3415,1586
,,3860,3416,1585
,,3493,3417,1584
,,4926,3418,1583
,,2301,3419,1582
,,4568,3420,1581
,,4723,3421,1580
,,1850,3422,1579
,,2634,3423,1578
,,753,3424,1577
,,2479,3425,1576
,,1794,3426,1575
,,1961,3427,1574
,,4717,3428,1573
,,3387,3429,1572
,,1558,3430,1571
,,1140,3431,1570
,,648,3432,1569
,,2410,3433,1568
,,1117,3434,1567
,,1742,3435,1566
,,609,3436,1565
,,2555,3437,1564
,,1025,3438,1563
,,2159,3439,1562
,,4432,3440,1561
,,2880,3441,1560
,,3925,3442,1559
,,3624,3443,1558
,,4367,3444,1557
,,2384,3445,1556
,,94,3446,1555
,,2941,3447,1554
,,4667,3448,1553
,,1074,3449,1552
,,2449,3450,1551
,,4721,3451,1550
,,520,3452,1549
,,2023,3453,1548
,,3653,3454,1547
,,1520,3455,1546
,,4919,3456,1545
,,4989,3457,1544
,,853,3458,1543
,,2456,3459,1542
,,4628,3460,1541
,,3526,3461,1540
,,2734,3462,1539
,,880,3463,1538
,,4732,3464,1537
,,2210,3465,1536
,,1377,3466,1535
,,495,3467,1534
,,4248,3468,1533
,,549,3469,1532
,,669,3470,1531
,,1185,3471,1530
,,1687,3472,1529
,,2084,3473,1528
,,882,3474,1527
,,4451,3475,1526
,,3506,3476,1525
,,1038,3477,1524
,,3665,3478,1523
,,714,3479,1522
,,134,3480,1521
,,1735,3481,1520
,,4168,3482,1519
,,4188,3483,1518
,,2562,3484,1517
,,1879,3485,1516
,,550,3486,1515
,,3224,3487,1514
,,1661,3488,1513
,,4293,3489,1512
,,1233,3490,1511
,,4792,3491,1510
,,479,3492,1509
,,998,3493,1508
,,2716,3494,1507
,,3352,3495,1506
,,4688,3496,1505
,,292,3497,1504
,,2511,3498,1503
,,4243,3499,1502
,,591,3500,1501
,,3486,3501,1500
,,1741,3502,1499
,,3340,3503,1498
,,2663,3504,1497
,,841,3505,1496
,,3216,3506,1495
,,60,3507,1494
,,1915,3508,1493
,,2590,3509,1492
,,1595,3510,1491
,,695,3511,1490
,,3626,3512,1489
,,3435,3513,1488
,,3198,3514,1487
,,658,3515,1486
,,4581,3516,1485
,,1921,3517,1484
,,4438,3518,1483
,,1249,3519,1482
,,2957,3520,1481
,,2579,3521,1480
,,3211,3522,1479
,,4843,3523,1478
,,4322,3524,1477
,,759,3525,1476
,,1208,3526,1475
,,4834,3527,1474
,,3061,3528,1473
,,1822,3529,1472
,,3898,3530,1471
,,4760,3531,1470
,,3682,3532,1469
,,2051,3533,1468
,,1704,3534,1467
,,2871,3535,1466
,,2704,3536,1465
,,1071,3537,1464
,,2064,3538,1463
,,4072,3539,1462
,,3032,3540,1461
,,4364,3541,1460
,,3176,3542,1459
,,4429,3543,1458
,,4958,3544,1457
,,275,3545,1456
,,1654,3546,1455
,,3013,3547,1454
,,622,3548,1453
,,3944,3549,1452
,,243,3550,1451
,,1988,3551,1450
,,2452,3552,1449
,,2815,3553,1448
,,3687,3554,1447
,,1745,3555,1446
,,3798,3556,1445
,,4641,3557,1444
,,3167,3558,1443
,,4517,3559,1442
,,1483,3560,1441
,,3716,3561,1440
,,3482,3562,1439
,,2972,3563,1438
,,4217,3564,1437
,,20,3565,1436
,,2058,3566,1435
,,3849,3567,1434
,,1278,3568,1433
,,713,3569,1432
,,908,3570,1431
,,1963,3571,1430
,,1488,3572,1429
,,3972,3573,1428
,,1456,3574,1427
,,1653,3575,1426
,,1878,3576,1425
,,3848,3577,1424
,,3808,3578,1423
,,1302,3579,1422
,,424,3580,1421
,,3376,3581,1420
,,3097,3582,1419
,,4383,3583,1418
,,2592,3584,1417
,,558,3585,1416
,,4833,3586,1415
,,3392,3587,1414
,,1540,3588,1413
,,2546,3589,1412
,,1892,3590,1411
,,3363,3591,1410
,,4868,3592,1409
,,1372,3593,1408
,,2294,3594,1407
,,919,3595,1406
,,3321,3596,1405
,,1500,3597,1404
,,1387,3598,1403
,,2509,3599,1402
,,3631,3600,1401
,,4104,3601,1400
,,821,3602,1399
,,3056,3603,1398
,,1619,3604,1397
,,1144,3605,1396
,,4439,3606,1395
,,3050,3607,1394
,,203,3608,1393
,,4651,3609,1392
,,1533,3610,1391
,,1793,3611,1390
,,1318,3612,1389
,,1895,3613,1388
,,1381,3614,1387
,,4141,3615,1386
,,4658,3616,1385
,,4482,3617,1384
,,2228,3618,1383
,,4759,3619,1382
,,4657,3620,1381
,,802,3621,1380
,,3630,3622,1379
,,2061,3623,1378
,,358,3624,1377
,,2963,3625,1376
,,4312,3626,1375
,,663,3627,1374
,,984,3628,1373
,,1142,3629,1372
,,2944,3630,1371
,,2556,3631,1370
,,4465,3632,1369
,,555,3633,1368
,,3048,3634,1367
,,953,3635,1366
,,2960,3636,1365
,,3841,3637,1364
,,771,3638,1363
,,2048,3639,1362
,,4349,3640,1361
,,3133,3641,1360
,,2143,3642,1359
,,1059,3643,1358
,,940,3644,1357
,,3187,3645,1356
,,715,3646,1355
,,78,3647,1354
,,1875,3648,1353
,,3298,3649,1352
,,720,3650,1351
,,415,3651,1350
,,2090,3652,1349
,,3532,3653,1348
,,524,3654,1347
,,2612,3655,1346
,,2660,3656,1345
,,2701,3657,1344
,,3888,3658,1343
,,3425,3659,1342
,,3348,3660,1341
,,2531,3661,1340
,,977,3662,1339
,,2120,3663,1338
,,2309,3664,1337
,,1896,3665,1336
,,556,3666,1335
,,4642,3667,1334
,,3238,3668,1333
,,567,3669,1332
,,2980,3670,1331
,,2606,3671,1330
,,4148,3672,1329
,,548,3673,1328
,,643,3674,1327
,,2883,3675,1326
,,838,3676,1325
,,2678,3677,1324
,,490,3678,1323
,,1417,3679,1322
,,1487,3680,1321
,,1218,3681,1320
,,2028,3682,1319
,,1838,3683,1318
,,2008,3684,1317
,,341,3685,1316
,,411,3686,1315
,,4050,3687,1314
,,3844,3688,1313
,,4311,3689,1312
,,345,3690,1311
,,2496,3691,1310
,,4865,3692,1309
,,2249,3693,1308
,,1572,3694,1307
,,3884,3695,1306
,,3466,3696,1305
,,379,3697,1304
,,4146,3698,1303
,,3371,3699,1302
,,4733,3700,1301
,,1659,3701,1300
,,169,3702,1299
,,4224,3703,1298
,,2273,3704,1297
,,1350,3705,1296
,,1891,3706,1295
,,916,3707,1294
,,1135,3708,1293
,,4982,3709,1292
,,4706,3710,1291
,,4871,3711,1290
,,4077,3712,1289
,,3284,3713,1288
,,1391,3714,1287
,,3536,3715,1286
,,3020,3716,1285
,,4223,3717,1284
,,1114,3718,1283
,,1204,3719,1282
,,4249,3720,1281
,,2975,3721,1280
,,1336,3722,1279
,,3894,3723,1278
,,2646,3724,1277
,,3868,3725,1276
,,4582,3726,1275
,,4867,3727,1274
,,4069,3728,1273
,,4270,3729,1272
,,1386,3730,1271
,,129,3731,1270
,,2493,3732,1269
,,588,3733,1268
,,4242,3734,1267
,,2074,3735,1266
,,951,3736,1265
,,1100,3737,1264
,,3231,3738,1263
,,2964,3739,1262
,,1526,3740,1261
,,923,3741,1260
,,1129,3742,1259
,,4292,3743,1258
,,3565,3744,1257
,,3892,3745,1256
,,2874,3746,1255
,,3634,3747,1254
,,3,3748,1253
,,1512,3749,1252
,,1778,3750,1251
,,939,3751,1250
,,3447,3752,1249
,,1334,3753,1248
,,2225,3754,1247
,,4796,3755,1246
,,2943,3756,1245
,,3807,3757,1244
,,522,3758,1243
,,2277,3759,1242
,,766,3760,1241
,,4163,3761,1240
,,717,3762,1239
,,3001,3763,1238
,,4859,3764,1237
,,4284,3765,1236
,,3603,3766,1235
,,4252,3767,1234
,,870,3768,1233
,,2984,3769,1232
,,178,3770,1231
,,2513,3771,1230
,,1903,3772,1229
,,2364,3773,1228
,,4632,3774,1227
,,1800,3775,1226
,,3627,3776,1225
,,157,3777,1224
,,241,3778,1223
,,2532,3779,1222
,,4572,3780,1221
,,2135,3781,1220
,,2946,3782,1219
,,1547,3783,1218
,,2004,3784,1217
,,1188,3785,1216
,,675,3786,1215
,,4004,3787,1214
,,2829,3788,1213
,,1303,3789,1212
,,2208,3790,1211
,,2463,3791,1210
,,3356,3792,1209
,,4679,3793,1208
,,148,3794,1207
,,595,3795,1206
,,1650,3796,1205
,,1398,3797,1204
,,4064,3798,1203
,,3140,3799,1202
,,4996,3800,1201
,,2358,3801,1200
,,2099,3802,1199
,,140,3803,1198
,,4266,3804,1197
,,1277,3805,1196
,,2687,3806,1195
,,3420,3807,1194
,,1579,3808,1193
,,1570,3809,1192
,,4614,3810,1191
,,1555,3811,1190
,,4327,3812,1189
,,4539,3813,1188
,,2843,3814,1187
,,1982,3815,1186
,,4445,3816,1185
,,2207,3817,1184
,,1625,3818,1183
,,3967,3819,1182
,,279,3820,1181
,,3713,3821,1180
,,417,3822,1179
,,198,3823,1178
,,4975,3824,1177
,,3975,3825,1176
,,3170,3826,1175
,,2406,3827,1174
,,2141,3828,1173
,,4427,3829,1172
,,593,3830,1171
,,3674,3831,1170
,,3620,3832,1169
,,2763,3833,1168
,,3554,3834,1167
,,1036,3835,1166
,,3407,3836,1165
,,1662,3837,1164
,,1370,3838,1163
,,4437,3839,1162
,,4518,3840,1161
,,1082,3841,1160
,,2091,3842,1159
,,2816,3843,1158
,,3740,3844,1157
,,3876,3845,1156
,,2186,3846,1155
,,98,3847,1154
,,1688,3848,1153
,,2995,3849,1152
,,4418,3850,1151
,,1909,3851,1150
,,3939,3852,1149
,,3426,3853,1148
,,3862,3854,1147
,,4179,3855,1146
,,1835,3856,1145
,,736,3857,1144
,,4494,3858,1143
,,4087,3859,1142
,,2720,3860,1141
,,4123,3861,1140
,,4409,3862,1139
,,230,3863,1138
,,4787,3864,1137
,,4976,3865,1136
,,3465,3866,1135
,,3110,3867,1134
,,4862,3868,1133
,,1414,3869,1132
,,2733,3870,1131
,,896,3871,1130
,,4498,3872,1129
,,2837,3873,1128
,,266,3874,1127
,,1524,3875,1126
,,3556,3876,1125
,,158,3877,1124
,,1587,3878,1123
,,1937,3879,1122
,,50,3880,1121
,,2973,3881,1120
,,4280,3882,1119
,,3805,3883,1118
,,708,3884,1117
,,3680,3885,1116
,,1880,3886,1115
,,1852,3887,1114
,,4042,3888,1113
,,3853,3889,1112
,,3477,3890,1111
,,35,3891,1110
,,2814,3892,1109
,,4309,3893,1108
,,1109,3894,1107
,,2725,3895,1106
,,3057,3896,1105
,,2032,3897,1104
,,2835,3898,1103
,,1383,3899,1102
,,559,3900,1101
,,329,3901,1100
,,569,3902,1099
,,2785,3903,1098
,,2515,3904,1097
,,3644,3905,1096
,,2118,3906,1095
,,1489,3907,1094
,,2002,3908,1093
,,1976,3909,1092
,,2772,3910,1091
,,312,3911,1090
,,4473,3912,1089
,,4757,3913,1088
,,904,3914,1087
,,1920,3915,1086
,,4466,3916,1085
,,2198,3917,1084
,,624,3918,1083
,,2407,3919,1082
,,4505,3920,1081
,,2910,3921,1080
,,1511,3922,1079
,,2665,3923,1078
,,930,3924,1077
,,4479,3925,1076
,,3271,3926,1075
,,2123,3927,1074
,,1991,3928,1073
,,4883,3929,1072
,,4906,3930,1071
,,2510,3931,1070
,,1560,3932,1069
,,1078,3933,1068
,,2280,3934,1067
,,3199,3935,1066
,,3069,3936,1065
,,1753,3937,1064
,,4798,3938,1063
,,912,3939,1062
,,2451,3940,1061
,,1064,3941,1060
,,392,3942,1059
,,4098,3943,1058
,,218,3944,1057
,,468,3945,1056
,,3209,3946,1055
,,137,3947,1054
,,1749,3948,1053
,,668,3949,1052
,,4861,3950,1051
,,510,3951,1050
,,440,3952,1049
,,1702,3953,1048
,,3753,3954,1047
,,3528,3955,1046
,,2618,3956,1045
,,4762,3957,1044
,,1914,3958,1043
,,4381,3959,1042
,,2053,3960,1041
,,2077,3961,1040
,,2484,3962,1039
,,3016,3963,1038
,,829,3964,1037
,,1010,3965,1036
,,172,3966,1035
,,3938,3967,1034
,,1309,3968,1033
,,4365,3969,1032
,,3830,3970,1031
,,2580,3971,1030
,,3893,3972,1029
,,2467,3973,1028
,,4210,3974,1027
,,4924,3975,1026
,,3007,3976,1025
,,2650,3977,1024
,,3341,3978,1023
,,1685,3979,1022
,,476,3980,1021
,,4587,3981,1020
,,3544,3982,1019
,,2672,3983,1018
,,1438,3984,1017
,,2075,3985,1016
,,3189,3986,1015
,,17,3987,1014
,,1057,3988,1013
,,723,3989,1012
,,845,3990,1011
,,297,3991,1010
,,2219,3992,1009
,,2771,3993,1008
,,678,3994,1007
,,1382,3995,1006
,,3155,3996,1005
,,4673,3997,1004
,,1330,3998,1003
,,4196,3999,1002
,,577,4000,1001
,,875,4001,1000
,,4317,4002,999
,,4096,4003,998
,,1726,4004,997
,,1951,4005,996
,,1967,4006,995
,,3497,4007,994
,,1578,4008,993
,,886,4009,992
,,4393,4010,991
,,3409,4011,990
,,738,4012,989
,,2559,4013,988
,,1709,4014,987
,,1843,4015,986
,,3947,4016,985
,,4802,4017,984
,,4681,4018,983
,,1072,4019,982
,,1593,4020,981
,,2933,4021,980
,,1404,4022,979
,,1006,4023,978
,,4359,4024,977
,,3450,4025,976
,,2401,4026,975
,,3723,4027,974
,,2128,4028,973
,,2365,4029,972
,,189,4030,971
,,665,4031,970
,,654,4032,969
,,4384,4033,968
,,416,4034,967
,,4378,4035,966
,,4898,4036,965
,,3416,4037,964
,,4171,4038,963
,,1743,4039,962
,,956,4040,961
,,2153,4041,960
,,3431,4042,959
,,4730,4043,958
,,3652,4044,957
,,1987,4045,956
,,1432,4046,955
,,1193,4047,954
,,4220,4048,953
,,465,4049,952
,,1019,4050,951
,,3098,4051,950
,,2729,4052,949
,,4079,4053,948
,,1695,4054,947
,,118,4055,946
,,2501,4056,945
,,2783,4057,944
,,1638,4058,943
,,1435,4059,942
,,3962,4060,941
,,1725,4061,940
,,3408,4062,939
,,3393,4063,938
,,2986,4064,937
,,2375,4065,936
,,2133,4066,935
,,3073,4067,934
,,1762,4068,933
,,1918,4069,932
,,33,4070,931
,,4585,4071,930
,,2858,4072,929
,,1889,4073,928
,,1677,4074,927
,,3415,4075,926
,,3587,4076,925
,,4971,4077,924
,,4804,4078,923
,,1314,4079,922
,,4557,4080,921
,,1755,4081,920
,,3459,4082,919
,,3840,4083,918
,,2402,4084,917
,,750,4085,916
,,4981,4086,915
,,944,4087,914
,,711,4088,913
,,3171,4089,912
,,3766,4090,911
,,915,4091,910
,,1034,4092,909
,,2934,4093,908
,,4134,4094,907
,,1684,4095,906
,,4967,4096,905
,,2029,4097,904
,,832,4098,903
,,204,4099,902
,,1840,4100,901
,,3736,4101,900
,,1274,4102,899
,,65,4103,898
,,464,4104,897
,,3936,4105,896
,,4752,4106,895
,,2981,4107,894
,,544,4108,893
,,3267,4109,892
,,4810,4110,891
,,3422,4111,890
,,3722,4112,889
,,709,4113,888
,,2151,4114,887
,,3520,4115,886
,,4676,4116,885
,,3821,4117,884
,,4560,4118,883
,,3914,4119,882
,,4416,4120,881
,,2611,4121,880
,,3458,4122,879
,,3192,4123,878
,,848,4124,877
,,224,4125,876
,,494,4126,875
,,2295,4127,874
,,1820,4128,873
,,4474,4129,872
,,3368,4130,871
,,2848,4131,870
,,1882,4132,869
,,2945,4133,868
,,2060,4134,867
,,2196,4135,866
,,907,4136,865
,,646,4137,864
,,2671,4138,863
,,3021,4139,862
,,3280,4140,861
,,330,4141,860
,,763,4142,859
,,3816,4143,858
,,3718,4144,857
,,3014,4145,856
,,3006,4146,855
,,2482,4147,854
,,4238,4148,853
,,3169,4149,852
,,314,4150,851
,,220,4151,850
,,1969,4152,849
,,125,4153,848
,,1894,4154,847
,,1321,4155,846
,,3240,4156,845
,,606,4157,844
,,3079,4158,843
,,4008,4159,842
,,3906,4160,841
,,2049,4161,840
,,3772,4162,839
,,2315,4163,838
,,4233,4164,837
,,3202,4165,836
,,1011,4166,835
,,3829,4167,834
,,4099,4168,833
,,1644,4169,832
,,3651,4170,831
,,1121,4171,830
,,1267,4172,829
,,3312,4173,828
,,2840,4174,827
,,2530,4175,826
,,871,4176,825
,,792,4177,824
,,4680,4178,823
,,3498,4179,822
,,1148,4180,821
,,2581,4181,820
,,726,4182,819
,,3361,4183,818
,,2804,4184,817
,,4769,4185,816
,,1227,4186,815
,,4603,4187,814
,,187,4188,813
,,3460,4189,812
,,4289,4190,811
,,862,4191,810
,,2739,4192,809
,,1077,4193,808
,,3122,4194,807
,,4211,4195,806
,,3676,4196,805
,,4629,4197,804
,,1285,4198,803
,,1120,4199,802
,,4515,4200,801
,,3081,4201,800
,,745,4202,799
,,2688,4203,798
,,2214,4204,797
,,136,4205,796
,,1816,4206,795
,,4387,4207,794
,,3744,4208,793
,,2271,4209,792
,,3964,4210,791
,,3429,4211,790
,,1182,4212,789
,,4229,4213,788
,,4573,4214,787
,,1442,4215,786
,,3250,4216,785
,,2782,4217,784
,,2359,4218,783
,,647,4219,782
,,196,4220,781
,,4187,4221,780
,,4256,4222,779
,,2255,4223,778
,,878,4224,777
,,3417,4225,776
,,334,4226,775
,,3871,4227,774
,,995,4228,773
,,2959,4229,772
,,1325,4230,771
,,1913,4231,770
,,2895,4232,769
,,697,4233,768
,,235,4234,767
,,2904,4235,766
,,4476,4236,765
,,1436,4237,764
,,4324,4238,763
,,2610,4239,762
,,181,4240,761
,,2339,4241,760
,,846,4242,759
,,1781,4243,758
,,4580,4244,757
,,3196,4245,756
,,1000,4246,755
,,4617,4247,754
,,2811,4248,753
,,4778,4249,752
,,3786,4250,751
,,2287,4251,750
,,2551,4252,749
,,2550,4253,748
,,2231,4254,747
,,795,4255,746
,,4215,4256,745
,,3053,4257,744
,,1408,4258,743
,,1453,4259,742
,,4764,4260,741
,,4685,4261,740
,,3297,4262,739
,,2622,4263,738
,,568,4264,737
,,1362,4265,736
,,3977,4266,735
,,1356,4267,734
,,1261,4268,733
,,483,4269,732
,,2878,4270,731
,,677,4271,730
,,1108,4272,729
,,615,4273,728
,,4071,4274,727
,,4303,4275,726
,,1686,4276,725
,,592,4277,724
,,4426,4278,723
,,3704,4279,722
,,3655,4280,721
,,1505,4281,720
,,535,4282,719
,,854,4283,718
,,4182,4284,717
,,4986,4285,716
,,3552,4286,715
,,3815,4287,714
,,4150,4288,713
,,45,4289,712
,,2290,4290,711
,,2518,4291,710
,,470,4292,709
,,1463,4293,708
,,770,4294,707
,,472,4295,706
,,3263,4296,705
,,3879,4297,704
,,393,4298,703
,,3283,4299,702
,,1343,4300,701
,,2257,4301,700
,,693,4302,699
,,2707,4303,698
,,3901,4304,697
,,4930,4305,696
,,2303,4306,695
,,4523,4307,694
,,1683,4308,693
,,2802,4309,692
,,3418,4310,691
,,655,4311,690
,,3646,4312,689
,,528,4313,688
,,2564,4314,687
,,2103,4315,686
,,3119,4316,685
,,3857,4317,684
,,1395,4318,683
,,4943,4319,682
,,4080,4320,681
,,4165,4321,680
,,894,4322,679
,,1865,4323,678
,,515,4324,677
,,3515,4325,676
,,3404,4326,675
,,346,4327,674
,,3228,4328,673
,,3950,4329,672
,,2469,4330,671
,,2683,4331,670
,,48,4332,669
,,2134,4333,668
,,1616,4334,667
,,3168,4335,666
,,4891,4336,665
,,2907,4337,664
,,2851,4338,663
,,4362,4339,662
,,2203,4340,661
,,2371,4341,660
,,1203,4342,659
,,3502,4343,658
,,3958,4344,657
,,1243,4345,656
,,4516,4346,655
,,2267,4347,654
,,1351,4348,653
,,2014,4349,652
,,4750,4350,651
,,1805,4351,650
,,4030,4352,649
,,2464,4353,648
,,256,4354,647
,,2182,4355,646
,,2323,4356,645
,,1424,4357,644
,,4647,4358,643
,,4380,4359,642
,,3005,4360,641
,,4144,4361,640
,,4613,4362,639
,,1313,4363,638
,,3924,4364,637
,,3389,4365,636
,,4755,4366,635
,,3917,4367,634
,,4035,4368,633
,,3152,4369,632
,,4600,4370,631
,,1941,4371,630
,,2374,4372,629
,,2066,4373,628
,,1201,4374,627
,,323,4375,626
,,3600,4376,625
,,68,4377,624
,,897,4378,623
,,3118,4379,622
,,4645,4380,621
,,2494,4381,620
,,1159,4382,619
,,3076,4383,618
,,2441,4384,617
,,4424,4385,616
,,2781,4386,615
,,2621,4387,614
,,1623,4388,613
,,3789,4389,612
,,1868,4390,611
,,2336,4391,610
,,4932,4392,609
,,1887,4393,608
,,2388,4394,607
,,3364,4395,606
,,4558,4396,605
,,3968,4397,604
,,2534,4398,603
,,4140,4399,602
,,2936,4400,601
,,2297,4401,600
,,4527,4402,599
,,2784,4403,598
,,4848,4404,597
,,2288,4405,596
,,215,4406,595
,,877,4407,594
,,3275,4408,593
,,4877,4409,592
,,2436,4410,591
,,4067,4411,590
,,3349,4412,589
,,1712,4413,588
,,2087,4414,587
,,3592,4415,586
,,932,4416,585
,,1776,4417,584
,,1788,4418,583
,,4492,4419,582
,,2857,4420,581
,,248,4421,580
,,250,4422,579
,,1671,4423,578
,,2491,4424,577
,,1972,4425,576
,,1647,4426,575
,,1320,4427,574
,,2629,4428,573
,,1199,4429,572
,,1945,4430,571
,,628,4431,570
,,4974,4432,569
,,3323,4433,568
,,445,4434,567
,,47,4435,566
,,642,4436,565
,,2007,4437,564
,,3741,4438,563
,,1347,4439,562
,,4261,4440,561
,,3969,4441,560
,,1545,4442,559
,,3715,4443,558
,,3116,4444,557
,,3310,4445,556
,,1605,4446,555
,,1494,4447,554
,,289,4448,553
,,2188,4449,552
,,2251,4450,551
,,1496,4451,550
,,2383,4452,549
,,4107,4453,548
,,860,4454,547
,,2885,4455,546
,,3374,4456,545
,,2788,4457,544
,,710,4458,543
,,4342,4459,542
,,2492,4460,541
,,4351,4461,540
,,4828,4462,539
,,356,4463,538
,,3154,4464,537
,,4022,4465,536
,,2868,4466,535
,,2322,4467,534
,,3377,4468,533
,,3456,4469,532
,,3208,4470,531
,,382,4471,530
,,3002,4472,529
,,4992,4473,528
,,1908,4474,527
,,2696,4475,526
,,499,4476,525
,,3230,4477,524
,,4724,4478,523
,,161,4479,522
,,2609,4480,521
,,2919,4481,520
,,3734,4482,519
,,4088,4483,518
,,718,4484,517
,,903,4485,516
,,4712,4486,515
,,3951,4487,514
,,2348,4488,513
,,2617,4489,512
,,952,4490,511
,,1388,4491,510
,,805,4492,509
,,2533,4493,508
,,883,4494,507
,,1167,4495,506
,,3820,4496,505
,,1428,4497,504
,,4734,4498,503
,,3117,4499,502
,,3527,4500,501
,,762,4501,500
,,1906,4502,499
,,1244,4503,498
,,1176,4504,497
,,233,4505,496
,,3469,4506,495
,,4122,4507,494
,,1348,4508,493
,,4047,4509,492
,,3218,4510,491
,,4800,4511,490
,,2260,4512,489
,,2370,4513,488
,,4361,4514,487
,,1420,4515,486
,,2649,4516,485
,,3762,4517,484
,,3328,4518,483
,,1458,4519,482
,,3030,4520,481
,,2485,4521,480
,,182,4522,479
,,902,4523,478
,,338,4524,477
,,1126,4525,476
,,1255,4526,475
,,3586,4527,474
,,798,4528,473
,,744,4529,472
,,2955,4530,471
,,2549,4531,470
,,2430,4532,469
,,2796,4533,468
,,1574,4534,467
,,91,4535,466
,,3832,4536,465
,,786,4537,464
,,760,4538,463
,,410,4539,462
,,1476,4540,461
,,53,4541,460
,,2747,4542,459
,,2898,4543,458
,,2699,4544,457
,,4408,4545,456
,,4386,4546,455
,,3265,4547,454
,,651,4548,453
,,1023,4549,452
,,3015,4550,451
,,2250,4551,450
,,4793,4552,449
,,3428,4553,448
,,4596,4554,447
,,3346,4555,446
,,2343,4556,445
,,2681,4557,444
,,2072,4558,443
,,1559,4559,442
,,4190,4560,441
,,1809,4561,440
,,2554,4562,439
,,3512,4563,438
,,4203,4564,437
,,3926,4565,436
,,3578,4566,435
,,861,4567,434
,,1341,4568,433
,,2170,4569,432
,,2794,4570,431
,,3775,4571,430
,,2697,4572,429
,,542,4573,428
,,1752,4574,427
,,1477,4575,426
,,1501,4576,425
,,3558,4577,424
,,891,4578,423
,,1761,4579,422
,,3553,4580,421
,,4773,4581,420
,,251,4582,419
,,1571,4583,418
,,3166,4584,417
,,3253,4585,416
,,1905,4586,415
,,3491,4587,414
,,4192,4588,413
,,4263,4589,412
,,3071,4590,411
,,1084,4591,410
,,2069,4592,409
,,819,4593,408
,,3227,4594,407
,,1081,4595,406
,,3203,4596,405
,,1971,4597,404
,,149,4598,403
,,1670,4599,402
,,4513,4600,401
,,4872,4601,400
,,724,4602,399
,,2626,4603,398
,,849,4604,397
,,4820,4605,396
,,135,4606,395
,,2642,4607,394
,,1174,4608,393
,,1919,4609,392
,,1622,4610,391
,,4690,4611,390
,,4048,4612,389
,,2419,4613,388
,,965,4614,387
,,4026,4615,386
,,1642,4616,385
,,2387,4617,384
,,3464,4618,383
,,2197,4619,382
,,3846,4620,381
,,1103,4621,380
,,4084,4622,379
,,3754,4623,378
,,2993,4624,377
,,3768,4625,376
,,4055,4626,375
,,705,4627,374
,,4725,4628,373
,,201,4629,372
,,631,4630,371
,,4051,4631,370
,,3385,4632,369
,,611,4633,368
,,4627,4634,367
,,4535,4635,366
,,1917,4636,365
,,834,4637,364
,,3066,4638,363
,,1093,4639,362
,,2146,4640,361
,,997,4641,360
,,2929,4642,359
,,2174,4643,358
,,3531,4644,357
,,2306,4645,356
,,514,4646,355
,,3714,4647,354
,,2713,4648,353
,,4145,4649,352
,,3026,4650,351
,,3191,4651,350
,,1652,4652,349
,,2680,4653,348
,,1026,4654,347
,,2817,4655,346
,,2363,4656,345
,,2927,4657,344
,,4199,4658,343
,,3529,4659,342
,,2352,4660,341
,,2989,4661,340
,,2304,4662,339
,,1849,4663,338
,,937,4664,337
,,4011,4665,336
,,1322,4666,335
,,3572,4667,334
,,4236,4668,333
,,565,4669,332
,,1022,4670,331
,,3720,4671,330
,,2475,4672,329
,,2674,4673,328
,,4237,4674,327
,,3286,4675,326
,,4086,4676,325
,,4183,4677,324
,,2543,4678,323
,,4782,4679,322
,,3410,4680,321
,,687,4681,320
,,3318,4682,319
,,1977,4683,318
,,4530,4684,317
,,961,4685,316
,,4012,4686,315
,,4452,4687,314
,,4038,4688,313
,,2776,4689,312
,,325,4690,311
,,183,4691,310
,,4799,4692,309
,,826,4693,308
,,694,4694,307
,,4285,4695,306
,,2230,4696,305
,,4082,4697,304
,,3210,4698,303
,,2568,4699,302
,,4815,4700,301
,,3454,4701,300
,,285,4702,299
,,1169,4703,298
,,3614,4704,297
,,1877,4705,296
,,386,4706,295
,,2845,4707,294
,,3355,4708,293
,,1276,4709,292
,,99,4710,291
,,1797,4711,290
,,4563,4712,289
,,2006,4713,288
,,1460,4714,287
,,2265,4715,286
,,3012,4716,285
,,3988,4717,284
,,2924,4718,283
,,4185,4719,282
,,4468,4720,281
,,4955,4721,280
,,3869,4722,279
,,191,4723,278
,,946,4724,277
,,1927,4725,276
,,1609,4726,275
,,958,4727,274
,,3683,4728,273
,,3605,4729,272
,,4131,4730,271
,,3818,4731,270
,,428,4732,269
,,234,4733,268
,,4278,4734,267
,,3291,4735,266
,,1817,4736,265
,,4486,4737,264
,,4698,4738,263
,,3974,4739,262
,,3233,4740,261
,,259,4741,260
,,4136,4742,259
,,2830,4743,258
,,3783,4744,257
,,4195,4745,256
,,2180,4746,255
,,110,4747,254
,,2727,4748,253
,,3537,4749,252
,,4704,4750,251
,,4969,4751,250
,,2536,4752,249
,,2659,4753,248
,,2891,4754,247
,,729,4755,246
,,4808,4756,245
,,1997,4757,244
,,167,4758,243
,,1867,4759,242
,,3039,4760,241
,,1827,4761,240
,,1872,4762,239
,,3427,4763,238
,,3437,4764,237
,,2996,4765,236
,,4842,4766,235
,,2648,4767,234
,,2125,4768,233
,,2037,4769,232
,,3934,4770,231
,,4677,4771,230
,,3839,4772,229
,,3855,4773,228
,,1015,4774,227
,,4602,4775,226
,,4480,4776,225
,,2345,4777,224
,,1149,4778,223
,,375,4779,222
,,4031,4780,221
,,4135,4781,220
,,660,4782,219
,,4469,4783,218
,,58,4784,217
,,39,4785,216
,,1173,4786,215
,,3705,4787,214
,,1978,4788,213
,,1205,4789,212
,,3507,4790,211
,,378,4791,210
,,66,4792,209
,,1139,4793,208
,,1376,4794,207
,,3518,4795,206
,,4544,4796,205
,,4333,4797,204
,,3095,4798,203
,,3159,4799,202
,,3239,4800,201
,,671,4801,200
,,4851,4802,199
,,3994,4803,198
,,422,4804,197
,,2,4805,196
,,2005,4806,195
,,2331,4807,194
,,1801,4808,193
,,3504,4809,192
,,3494,4810,191
,,4388,4811,190
,,3886,4812,189
,,2800,4813,188
,,2901,4814,187
,,2962,4815,186
,,124,4816,185
,,2353,4817,184
,,791,4818,183
,,4106,4819,182
,,2596,4820,181
,,4240,4821,180
,,4124,4822,179
,,4745,4823,178
,,4407,4824,177
,,3814,4825,176
,,2899,4826,175
,,3588,4827,174
,,4306,4828,173
,,237,4829,172
,,3963,4830,171
,,4027,4831,170
,,3545,4832,169
,,3146,4833,168
,,2035,4834,167
,,1422,4835,166
,,1014,4836,165
,,1474,4837,164
,,797,4838,163
,,2432,4839,162
,,71,4840,161
,,2619,4841,160
,,3604,4842,159
,,1795,4843,158
,,2557,4844,157
,,3907,4845,156
,,2757,4846,155
,,3103,4847,154
,,4487,4848,153
,,1567,4849,152
,,3979,4850,151
,,3899,4851,150
,,163,4852,149
,,3451,4853,148
,,3448,4854,147
,,1421,4855,146
,,4718,4856,145
,,3128,4857,144
,,1287,4858,143
,,2548,4859,142
,,4741,4860,141
,,2127,4861,140
,,1047,4862,139
,,1445,4863,138
,,610,4864,137
,,4707,4865,136
,,2104,4866,135
,,2278,4867,134
,,2062,4868,133
,,3380,4869,132
,,1508,4870,131
,,814,4871,130
,,2605,4872,129
,,56,4873,128
,,4691,4874,127
,,3921,4875,126
,,2540,4876,125
,,1092,4877,124
,,3935,4878,123
,,1070,4879,122
,,4892,4880,121
,,1731,4881,120
,,4066,4882,119
,,3194,4883,118
,,2856,4884,117
,,1582,4885,116
,,4893,4886,115
,,4692,4887,114
,,2737,4888,113
,,4689,4889,112
,,4310,4890,111
,,3928,4891,110
,,112,4892,109
,,4520,4893,108
,,3752,4894,107
,,4768,4895,106
,,1131,4896,105
,,761,4897,104
,,541,4898,103
,,4737,4899,102
,,399,4900,101
,,245,4901,100
,,2722,4902,99
,,1678,4903,98
,,1326,4904,97
,,562,4905,96
,,1667,4906,95
,,2269,4907,94
,,2396,4908,93
,,924,4909,92
,,361,4910,91
,,4599,4911,90
,,1700,4912,89
,,80,4913,88
,,4338,4914,87
,,3136,4915,86
,,817,4916,85
,,4415,4917,84
,,261,4918,83
,,4850,4919,82
,,1484,4920,81
,,3195,4921,80
,,3413,4922,79
,,1718,4923,78
,,202,4924,77
,,3542,4925,76
,,1641,4926,75
,,1881,4927,74
,,3047,4928,73
,,3904,4929,72
,,4727,4930,71
,,1160,4931,70
,,1062,4932,69
,,1046,4933,68
,,2130,4934,67
,,3088,4935,66
,,1495,4936,65
,,1959,4937,64
,,2854,4938,63
,,4227,4939,62
,,3004,4940,61
,,1583,4941,60
,,4652,4942,59
,,4346,4943,58
,,2647,4944,57
,,2067,4945,56
,,2368,4946,55
,,2183,4947,54
,,782,4948,53
,,4431,4949,52
,,3931,4950,51
,,4385,4951,50
,,2461,4952,49
,,3137,4953,48
,,4654,4954,47
,,120,4955,46
,,1340,4956,45
,,3145,4957,44
,,4113,4958,43
,,4901,4959,42
,,4442,4960,41
,,4475,4961,40
,,4402,4962,39
,,1359,4963,38
,,3259,4964,37
,,4885,4965,36
,,2378,4966,35
,,1183,4967,34
,,4355,4968,33
,,4684,4969,32
,,4453,4970,31
,,3438,4971,30
,,982,4972,29
,,2045,4973,28
,,3859,4974,27
,,3825,4975,26
,,1465,4976,25
,,4085,4977,24
,,2569,4978,23
,,4481,4979,22
,,3564,4980,21
,,1549,4981,20
,,4218,4982,19
,,2423,4983,18
,,63,4984,17
,,3350,4985,16
,,2013,4986,15
,,2602,4987,14
,,1122,4988,13
,,594,4989,12
,,2326,4990,11
,,103,4991,10
,,1934,4992,9
,,4889,4993,8
,,2003,4994,7
,,2942,4995,6
,,747,4996,5
,,441,4997,4
,,1434,4998,3
,,2382,4999,2
,,1754,5000,1
